"","userId","movieId","rating","timestamp"
"1",1,110,1,1425941529
"2",1,147,4.5,1425942435
"3",1,858,5,1425941523
"4",1,1221,5,1425941546
"5",1,1246,5,1425941556
"6",1,1968,4,1425942148
"7",1,2762,4.5,1425941300
"8",1,2918,5,1425941593
"9",1,2959,4,1425941601
"10",1,4226,4,1425942228
"11",1,4878,5,1425941434
"12",1,5577,5,1425941397
"13",1,33794,4,1425942005
"14",1,54503,3.5,1425941313
"15",1,58559,4,1425942007
"16",1,59315,5,1425941502
"17",1,68358,5,1425941464
"18",1,69844,5,1425942139
"19",1,73017,5,1425942699
"20",1,81834,5,1425942133
"21",1,91500,2.5,1425942647
"22",1,91542,5,1425942618
"23",1,92439,5,1425941424
"24",1,96821,5,1425941382
"25",1,98809,0.5,1425942640
"26",1,99114,4,1425941667
"27",1,112552,5,1425941336
"28",5829,1,2.5,1442164418
"29",5829,2,3.5,1443547137
"30",5829,3,3,1450025177
"31",5829,4,2,1485641067
"32",5829,5,2.5,1450735664
"33",5829,6,4,1442418707
"34",5829,7,2.5,1450729207
"35",5829,9,2,1470494594
"36",5829,10,3,1442477468
"37",5829,11,2.5,1447958533
"38",5829,12,2.5,1455035693
"39",5829,14,3,1458326760
"40",5829,15,2.5,1485085437
"41",5829,16,4,1442418689
"42",5829,17,2,1443024884
"43",5829,18,4.5,1448395870
"44",5829,19,3.5,1443547145
"45",5829,20,3.5,1469477432
"46",5829,21,3.5,1442593369
"47",5829,22,3,1451683436
"48",5829,23,4,1468863864
"49",5829,24,4,1443863934
"50",5829,25,4,1443547116
"51",5829,26,3.5,1485707422
"52",5829,28,2,1445023985
"53",5829,29,3.5,1444463378
"54",5829,31,2.5,1451594886
"55",5829,32,5,1442164895
"56",5829,34,2,1442477463
"57",5829,36,3,1443857896
"58",5829,39,1.5,1444426438
"59",5829,41,2.5,1466321903
"60",5829,42,3,1492980242
"61",5829,43,2.5,1492632129
"62",5829,44,2.5,1442523583
"63",5829,45,3.5,1453487666
"64",5829,46,2,1483033758
"65",5829,47,5,1442164860
"66",5829,48,3,1443547723
"67",5829,50,5,1442164589
"68",5829,52,3,1447436976
"69",5829,58,2,1450723545
"70",5829,60,2,1449346500
"71",5829,62,3.5,1443465838
"72",5829,63,2.5,1492540858
"73",5829,65,2,1449694683
"74",5829,66,1.5,1493649211
"75",5829,69,2,1466788671
"76",5829,70,4,1442477038
"77",5829,73,2,1480171641
"78",5829,74,1.5,1474982685
"79",5829,76,2.5,1469647822
"80",5829,79,3,1458672011
"81",5829,81,3,1480270667
"82",5829,82,3,1491584143
"83",5829,85,2.5,1489873462
"84",5829,86,3.5,1469383220
"85",5829,88,3.5,1463583279
"86",5829,89,3,1479932121
"87",5829,93,2,1495289169
"88",5829,94,3,1470502815
"89",5829,95,2,1445176281
"90",5829,97,4.5,1442689450
"91",5829,100,3.5,1470075609
"92",5829,101,3,1460222955
"93",5829,104,0.5,1442418686
"94",5829,105,2.5,1451661451
"95",5829,107,2.5,1454797943
"96",5829,110,3,1442254263
"97",5829,111,4,1442164900
"98",5829,112,3.5,1451304412
"99",5829,122,2,1471779884
"100",5829,123,3.5,1443992545
"101",5829,125,3,1476472860
"102",5829,135,2,1456590318
"103",5829,140,3,1463756056
"104",5829,141,4,1442479936
"105",5829,144,3,1469044023
"106",5829,145,3,1442523634
"107",5829,147,4,1467747881
"108",5829,150,4,1442254261
"109",5829,151,2.5,1442523636
"110",5829,153,4,1442254266
"111",5829,154,3.5,1483892066
"112",5829,157,2,1490808875
"113",5829,158,3,1446329636
"114",5829,160,2,1448216113
"115",5829,161,3.5,1445169874
"116",5829,162,4,1444480003
"117",5829,163,3.5,1442477155
"118",5829,164,3,1469133276
"119",5829,165,3,1442165358
"120",5829,168,3,1451159366
"121",5829,169,1.5,1473699204
"122",5829,170,4,1443340728
"123",5829,172,3,1442523341
"124",5829,173,4,1448396049
"125",5829,175,4.5,1448395872
"126",5829,180,4.5,1442418897
"127",5829,181,0.5,1487220865
"128",5829,185,3.5,1445161247
"129",5829,186,2,1451319139
"130",5829,188,3,1492359812
"131",5829,193,2.5,1448555560
"132",5829,194,3.5,1458554894
"133",5829,195,2,1481916426
"134",5829,196,3.5,1442523328
"135",5829,198,3.5,1453412911
"136",5829,203,3,1460835561
"137",5829,204,2,1453843279
"138",5829,207,2.5,1462909975
"139",5829,208,4,1442520247
"140",5829,215,3.5,1452957921
"141",5829,216,0.5,1449246487
"142",5829,218,2,1470428446
"143",5829,222,1.5,1458583249
"144",5829,223,5,1442165355
"145",5829,224,3,1453746799
"146",5829,225,2.5,1451256060
"147",5829,227,1.5,1467827421
"148",5829,230,3,1456435486
"149",5829,231,3,1442477316
"150",5829,232,3.5,1451397219
"151",5829,233,3,1477230393
"152",5829,234,2,1482088199
"153",5829,235,3.5,1442561907
"154",5829,236,3.5,1451204057
"155",5829,237,2,1458365636
"156",5829,239,3,1457888127
"157",5829,246,3.5,1443279536
"158",5829,247,3.5,1454430642
"159",5829,248,3,1483984790
"160",5829,249,2.5,1465733205
"161",5829,252,3.5,1445542121
"162",5829,253,2.5,1442593492
"163",5829,256,2,1448663107
"164",5829,257,3.5,1473849900
"165",5829,260,4,1442418681
"166",5829,261,2,1451425394
"167",5829,262,2.5,1466942985
"168",5829,265,2.5,1451320364
"169",5829,266,3,1448057049
"170",5829,267,2,1455035692
"171",5829,272,3,1454258776
"172",5829,273,3,1454274742
"173",5829,276,3.5,1463589453
"174",5829,277,2,1449081233
"175",5829,280,3.5,1465667662
"176",5829,281,3.5,1471763740
"177",5829,282,3,1451407152
"178",5829,288,4.5,1443547113
"179",5829,289,2,1482169753
"180",5829,290,4,1456427469
"181",5829,292,3.5,1442520254
"182",5829,293,5,1442164890
"183",5829,296,5,1442164593
"184",5829,299,2.5,1491134849
"185",5829,300,3,1447521126
"186",5829,303,2,1456523326
"187",5829,305,2,1478299632
"188",5829,306,3,1442683241
"189",5829,307,2,1448559145
"190",5829,308,2.5,1442689114
"191",5829,314,2.5,1470592974
"192",5829,315,2.5,1451327333
"193",5829,316,2.5,1442477462
"194",5829,317,3.5,1443361276
"195",5829,318,5,1442164587
"196",5829,319,2.5,1454767210
"197",5829,322,4,1485085207
"198",5829,327,3.5,1454265367
"199",5829,329,2.5,1444415244
"200",5829,333,3,1442523524
"201",5829,337,3.5,1442561913
"202",5829,338,2,1467577062
"203",5829,339,3,1447484917
"204",5829,342,3.5,1451247956
"205",5829,344,4,1442477304
"206",5829,345,3.5,1451462554
"207",5829,348,3.5,1448099545
"208",5829,349,3.5,1443945734
"209",5829,350,3,1448119378
"210",5829,351,3,1474379298
"211",5829,353,4.5,1442561910
"212",5829,355,2.5,1448689044
"213",5829,356,3.5,1442418711
"214",5829,357,2,1444421281
"215",5829,361,3,1465587959
"216",5829,362,2.5,1454087810
"217",5829,364,3.5,1442477301
"218",5829,366,2,1489432435
"219",5829,367,2,1442477312
"220",5829,368,3.5,1448047935
"221",5829,370,3.5,1442477152
"222",5829,371,3.5,1470159900
"223",5829,372,2.5,1453756862
"224",5829,373,2.5,1476631628
"225",5829,374,2.5,1453141224
"226",5829,376,3.5,1451312957
"227",5829,377,3,1442477306
"228",5829,379,2.5,1453397479
"229",5829,380,4,1442477307
"230",5829,381,3.5,1463949603
"231",5829,382,3,1463078225
"232",5829,383,2.5,1465556415
"233",5829,392,2,1460138427
"234",5829,405,3,1474655597
"235",5829,410,3,1447533670
"236",5829,412,2,1468674080
"237",5829,413,3,1458077814
"238",5829,415,2,1483381056
"239",5829,417,2.5,1481444846
"240",5829,419,2,1462635773
"241",5829,420,2,1448190873
"242",5829,421,3,1491936095
"243",5829,426,2.5,1468661436
"244",5829,427,1.5,1477837766
"245",5829,428,3.5,1465162191
"246",5829,431,4,1442418881
"247",5829,432,2.5,1451082803
"248",5829,434,2.5,1445062551
"249",5829,435,3.5,1443547721
"250",5829,440,3,1443904865
"251",5829,441,4,1447967989
"252",5829,442,3,1442561920
"253",5829,446,2.5,1473867016
"254",5829,448,3.5,1485015412
"255",5829,450,3,1487861140
"256",5829,454,4,1442523733
"257",5829,455,3,1449307867
"258",5829,457,3.5,1442477461
"259",5829,464,2,1483269969
"260",5829,466,3,1442523337
"261",5829,468,3,1454749508
"262",5829,471,3.5,1442585010
"263",5829,474,2.5,1448035932
"264",5829,475,4,1451830487
"265",5829,477,3,1468761028
"266",5829,480,4,1442164424
"267",5829,481,3.5,1458982869
"268",5829,482,3.5,1489691559
"269",5829,485,4,1442523329
"270",5829,489,1.5,1484677764
"271",5829,490,3.5,1483284643
"272",5829,491,2.5,1463174064
"273",5829,492,3,1483020503
"274",5829,493,4,1473748324
"275",5829,494,2,1450860047
"276",5829,495,4,1469723995
"277",5829,497,2.5,1450033011
"278",5829,500,3,1493035328
"279",5829,502,2,1470836038
"280",5829,507,3.5,1478554785
"281",5829,508,3.5,1447434169
"282",5829,509,3.5,1443361281
"283",5829,514,4,1470548865
"284",5829,515,3,1451573470
"285",5829,516,3,1469567682
"286",5829,517,3,1477151726
"287",5829,519,1.5,1453134979
"288",5829,520,3.5,1442477143
"289",5829,524,3.5,1453924159
"290",5829,527,4,1442418608
"291",5829,529,4,1451497671
"292",5829,531,3,1454005177
"293",5829,532,2.5,1458556759
"294",5829,533,2,1472897168
"295",5829,534,2,1466262577
"296",5829,535,3,1463233561
"297",5829,537,3,1477825052
"298",5829,538,3.5,1465587926
"299",5829,539,2,1444407922
"300",5829,540,3,1465675437
"301",5829,541,4.5,1442164925
"302",5829,542,3,1475066543
"303",5829,543,3,1451074529
"304",5829,546,3.5,1453397538
"305",5829,548,2,1487799043
"306",5829,550,2,1478360649
"307",5829,551,3,1443852364
"308",5829,552,3,1450810353
"309",5829,553,3.5,1443993126
"310",5829,555,2.5,1442165412
"311",5829,558,3,1457778799
"312",5829,562,3.5,1457981470
"313",5829,575,3,1471544694
"314",5829,585,2.5,1451669491
"315",5829,586,3.5,1443547103
"316",5829,587,3,1443547099
"317",5829,588,3.5,1442477458
"318",5829,589,3.5,1442418895
"319",5829,590,3.5,1443547017
"320",5829,592,3.5,1443547062
"321",5829,593,3.5,1442164862
"322",5829,594,3,1443547568
"323",5829,595,3,1443547064
"324",5829,596,3,1443547731
"325",5829,597,3,1443547072
"326",5829,599,3,1450507552
"327",5829,605,2,1475114253
"328",5829,608,5,1442165403
"329",5829,609,2,1489955771
"330",5829,610,5,1448395887
"331",5829,613,3,1488707840
"332",5829,616,3.5,1449430291
"333",5829,628,4.5,1442477771
"334",5829,631,2,1464378708
"335",5829,637,3,1448785327
"336",5829,640,2.5,1481580125
"337",5829,647,2.5,1454235364
"338",5829,648,3.5,1442477303
"339",5829,653,2,1448139343
"340",5829,661,2.5,1451331967
"341",5829,662,3,1485617784
"342",5829,663,4,1478033840
"343",5829,665,1.5,1454699622
"344",5829,671,2.5,1456773481
"345",5829,673,3.5,1442477811
"346",5829,674,4,1457712160
"347",5829,678,4,1444674678
"348",5829,688,2,1485025257
"349",5829,694,2,1488668113
"350",5829,707,4,1467309628
"351",5829,708,2.5,1448110834
"352",5829,709,3,1488713152
"353",5829,714,4,1444855037
"354",5829,719,2,1454096606
"355",5829,720,4,1450033898
"356",5829,724,2,1449247203
"357",5829,728,2.5,1475163875
"358",5829,733,4,1442479935
"359",5829,736,2.5,1442477310
"360",5829,737,3,1451831594
"361",5829,741,4.5,1442948089
"362",5829,743,2,1456672236
"363",5829,745,3,1442165386
"364",5829,748,1.5,1464449415
"365",5829,750,4.5,1442164893
"366",5829,761,1,1471720304
"367",5829,762,3,1448696484
"368",5829,765,2,1463317153
"369",5829,778,4,1442164867
"370",5829,780,4,1442254260
"371",5829,782,3.5,1488019346
"372",5829,783,3.5,1442477768
"373",5829,784,2,1442479974
"374",5829,785,2.5,1442479436
"375",5829,786,3,1444463276
"376",5829,788,1.5,1442479952
"377",5829,798,2,1482185955
"378",5829,799,3,1447484737
"379",5829,800,2.5,1456595353
"380",5829,802,3,1442477040
"381",5829,805,3.5,1443356022
"382",5829,810,2,1495357079
"383",5829,818,3,1485606376
"384",5829,830,3,1448832184
"385",5829,832,3.5,1448196436
"386",5829,836,2,1465405400
"387",5829,837,3.5,1448813195
"388",5829,838,2,1453843169
"389",5829,839,2.5,1457550409
"390",5829,849,3.5,1442479916
"391",5829,852,3.5,1451415745
"392",5829,858,4,1442164850
"393",5829,860,4,1469045304
"394",5829,861,2,1491656089
"395",5829,866,4,1458467157
"396",5829,880,2.5,1458935902
"397",5829,898,2.5,1449941318
"398",5829,899,2.5,1449782238
"399",5829,900,2,1483872582
"400",5829,902,3,1449517462
"401",5829,903,3,1443547718
"402",5829,904,3.5,1442165289
"403",5829,905,2.5,1449943484
"404",5829,906,2.5,1450903834
"405",5829,908,4,1442611423
"406",5829,909,3.5,1449081340
"407",5829,910,2,1449782097
"408",5829,911,4,1449941513
"409",5829,912,2.5,1442165287
"410",5829,913,4,1447517890
"411",5829,914,3,1449517100
"412",5829,915,3.5,1454750086
"413",5829,916,3,1442418880
"414",5829,919,2,1447498297
"415",5829,920,3,1448084325
"416",5829,922,3,1449081433
"417",5829,923,4.5,1442560645
"418",5829,924,4.5,1442165295
"419",5829,926,3.5,1449921367
"420",5829,928,2,1449921547
"421",5829,930,2,1449941246
"422",5829,933,3.5,1450024221
"423",5829,934,1.5,1467840511
"424",5829,940,2.5,1453643973
"425",5829,942,3,1443357231
"426",5829,946,3,1453674761
"427",5829,947,3.5,1449603676
"428",5829,950,4,1450461471
"429",5829,951,3.5,1449921407
"430",5829,952,4,1483992658
"431",5829,953,3.5,1448182216
"432",5829,954,3.5,1442611420
"433",5829,955,3,1450005011
"434",5829,965,2.5,1450712028
"435",5829,968,3.5,1452512787
"436",5829,969,3.5,1449081377
"437",5829,971,4,1450897133
"438",5829,986,2.5,1483284764
"439",5829,991,3,1492353482
"440",5829,994,3.5,1464458215
"441",5829,996,3.5,1472905269
"442",5829,999,3,1483891917
"443",5829,1009,3,1490391641
"444",5829,1010,3.5,1490991513
"445",5829,1012,2.5,1475124509
"446",5829,1013,2.5,1465833299
"447",5829,1015,2,1471714392
"448",5829,1017,3.5,1477132095
"449",5829,1019,3.5,1452624707
"450",5829,1020,4,1449346494
"451",5829,1021,2.5,1473105932
"452",5829,1022,2.5,1451304452
"453",5829,1023,2.5,1478363442
"454",5829,1025,4,1453153027
"455",5829,1027,3,1449516998
"456",5829,1028,3,1443547712
"457",5829,1029,3,1451415764
"458",5829,1030,1,1478368208
"459",5829,1031,3,1466282251
"460",5829,1032,3.5,1449430400
"461",5829,1033,2.5,1469114138
"462",5829,1035,2,1450025210
"463",5829,1036,4,1442643548
"464",5829,1037,4.5,1449346503
"465",5829,1041,2,1450715094
"466",5829,1042,3,1453501011
"467",5829,1047,2.5,1453491375
"468",5829,1049,2,1464795926
"469",5829,1057,3,1476007601
"470",5829,1059,2.5,1442477784
"471",5829,1060,2.5,1442479441
"472",5829,1061,3.5,1443373517
"473",5829,1064,2,1477844457
"474",5829,1073,3,1443904528
"475",5829,1077,3,1453397615
"476",5829,1078,3.5,1474559415
"477",5829,1079,3.5,1447533282
"478",5829,1080,4.5,1442165367
"479",5829,1081,3,1471709218
"480",5829,1084,3.5,1451683488
"481",5829,1086,3.5,1449940619
"482",5829,1088,3,1449430163
"483",5829,1089,4,1442164869
"484",5829,1090,3,1442418915
"485",5829,1091,3,1453142381
"486",5829,1092,3,1442677322
"487",5829,1093,4,1454014567
"488",5829,1094,2.5,1451249141
"489",5829,1095,4,1458469622
"490",5829,1096,3.5,1473016320
"491",5829,1097,3.5,1443547066
"492",5829,1099,3,1492179465
"493",5829,1100,3.5,1458891277
"494",5829,1101,3,1443547171
"495",5829,1103,3.5,1452540885
"496",5829,1104,3.5,1442647100
"497",5829,1111,2,1450719205
"498",5829,1120,4,1442479457
"499",5829,1124,3,1466620116
"500",5829,1125,2.5,1453314909
"501",5829,1126,1.5,1480102218
"502",5829,1127,3,1442418696
"503",5829,1128,2,1491849924
"504",5829,1129,4,1445176438
"505",5829,1131,3,1443358297
"506",5829,1135,2.5,1471026700
"507",5829,1136,4,1442164923
"508",5829,1147,2.5,1443629135
"509",5829,1148,4,1448133051
"510",5829,1171,3,1480018444
"511",5829,1172,3.5,1442165407
"512",5829,1173,5,1449393721
"513",5829,1175,3,1442951157
"514",5829,1178,3.5,1443355772
"515",5829,1179,3.5,1457633471
"516",5829,1183,2,1445170096
"517",5829,1185,3,1453029762
"518",5829,1186,2.5,1454242810
"519",5829,1188,3,1454191473
"520",5829,1189,2,1443360732
"521",5829,1193,4.5,1442164896
"522",5829,1194,4,1483995551
"523",5829,1196,4.5,1442418610
"524",5829,1197,2,1442165284
"525",5829,1198,4,1442418683
"526",5829,1199,5,1442165352
"527",5829,1200,4,1442164927
"528",5829,1201,3.5,1442165349
"529",5829,1203,4,1451937499
"530",5829,1204,3,1442677319
"531",5829,1206,5,1442164873
"532",5829,1207,4,1442560652
"533",5829,1208,3.5,1442165327
"534",5829,1209,3,1442418714
"535",5829,1210,4.5,1442560350
"536",5829,1211,4,1443339363
"537",5829,1212,2.5,1449603642
"538",5829,1213,3.5,1442164902
"539",5829,1214,4.5,1442165327
"540",5829,1215,3,1442523666
"541",5829,1217,3,1442418730
"542",5829,1218,3.5,1452882207
"543",5829,1219,3.5,1442418716
"544",5829,1220,4.5,1443547518
"545",5829,1221,4,1442418606
"546",5829,1222,5,1442165331
"547",5829,1223,3.5,1449940728
"548",5829,1224,2,1444077406
"549",5829,1225,3.5,1447512041
"550",5829,1227,4,1443360806
"551",5829,1228,4,1442643550
"552",5829,1230,3,1448048071
"553",5829,1231,3.5,1449516840
"554",5829,1232,4.5,1442689368
"555",5829,1233,4.5,1442418737
"556",5829,1234,4,1448132991
"557",5829,1235,3.5,1442689469
"558",5829,1237,3,1449081505
"559",5829,1238,3.5,1482965294
"560",5829,1240,4,1442649778
"561",5829,1241,3.5,1452449731
"562",5829,1242,3.5,1444674836
"563",5829,1243,2.5,1470415456
"564",5829,1244,3,1442418913
"565",5829,1245,3.5,1443340467
"566",5829,1246,3,1444673846
"567",5829,1247,4,1442560357
"568",5829,1248,3.5,1449997685
"569",5829,1249,4,1451762334
"570",5829,1250,3,1449921293
"571",5829,1251,3,1443339361
"572",5829,1252,3.5,1442560766
"573",5829,1253,3.5,1445176442
"574",5829,1254,3.5,1449921588
"575",5829,1256,1.5,1442611443
"576",5829,1257,3.5,1463246544
"577",5829,1258,5,1442165335
"578",5829,1259,3.5,1442165300
"579",5829,1260,4,1449921475
"580",5829,1261,2.5,1452450031
"581",5829,1262,2.5,1442418692
"582",5829,1263,3.5,1442418694
"583",5829,1264,2.5,1490972566
"584",5829,1265,5,1442418599
"585",5829,1266,3,1449940330
"586",5829,1267,3,1442647102
"587",5829,1268,3,1483342425
"588",5829,1269,2.5,1443339430
"589",5829,1270,4.5,1442164409
"590",5829,1271,3.5,1451850770
"591",5829,1272,3.5,1449430299
"592",5829,1273,4,1443355723
"593",5829,1274,5,1442948110
"594",5829,1275,3.5,1442562572
"595",5829,1276,3.5,1449081487
"596",5829,1277,2.5,1470237361
"597",5829,1278,2,1448132784
"598",5829,1279,3,1449951596
"599",5829,1280,4,1450004931
"600",5829,1281,4,1442418927
"601",5829,1282,3.5,1447517893
"602",5829,1283,3,1443355844
"603",5829,1284,3,1449921333
"604",5829,1285,3,1449517664
"605",5829,1287,3.5,1451830568
"606",5829,1288,3.5,1442165383
"607",5829,1289,2.5,1454693579
"608",5829,1291,4,1442560647
"609",5829,1292,4,1443355793
"610",5829,1293,3,1442948055
"611",5829,1295,3,1476559966
"612",5829,1296,2.5,1456672199
"613",5829,1297,3,1468953704
"614",5829,1298,3.5,1448395864
"615",5829,1299,4,1449997230
"616",5829,1300,3,1475351875
"617",5829,1301,3,1453643941
"618",5829,1302,3.5,1447517873
"619",5829,1303,3.5,1444761213
"620",5829,1304,2.5,1448084368
"621",5829,1305,4,1443361254
"622",5829,1307,2.5,1447484877
"623",5829,1320,4,1443547725
"624",5829,1321,3.5,1452712111
"625",5829,1327,3,1457712005
"626",5829,1333,3.5,1449430224
"627",5829,1334,3,1483995659
"628",5829,1339,3.5,1451573534
"629",5829,1340,3,1456347232
"630",5829,1342,3,1457888078
"631",5829,1343,4,1451771698
"632",5829,1344,4,1467724157
"633",5829,1345,3,1449430349
"634",5829,1347,3,1453738417
"635",5829,1348,3.5,1451289951
"636",5829,1350,3.5,1453153002
"637",5829,1354,4,1471453441
"638",5829,1356,3,1442418614
"639",5829,1357,3.5,1443340695
"640",5829,1358,3.5,1443354694
"641",5829,1359,3.5,1460648470
"642",5829,1361,2,1454749468
"643",5829,1367,3.5,1442479911
"644",5829,1370,3.5,1443547697
"645",5829,1371,3.5,1451639540
"646",5829,1372,3,1449517518
"647",5829,1373,2.5,1454175371
"648",5829,1374,2.5,1448084544
"649",5829,1375,3,1449517636
"650",5829,1376,3,1448909441
"651",5829,1377,2.5,1442523659
"652",5829,1378,2,1455307945
"653",5829,1379,2.5,1484856449
"654",5829,1380,3.5,1447434186
"655",5829,1381,2,1471188714
"656",5829,1385,3,1457902730
"657",5829,1387,2,1447511930
"658",5829,1388,2,1466017153
"659",5829,1391,4,1442479962
"660",5829,1393,3.5,1447511085
"661",5829,1394,3.5,1442560354
"662",5829,1396,3.5,1451150035
"663",5829,1405,3,1447880376
"664",5829,1407,2.5,1442479968
"665",5829,1408,3.5,1442523687
"666",5829,1409,3,1444824736
"667",5829,1416,2.5,1448573841
"668",5829,1422,2.5,1484376773
"669",5829,1429,2.5,1474913340
"670",5829,1431,1.5,1480023882
"671",5829,1438,3.5,1469777526
"672",5829,1441,2.5,1458333986
"673",5829,1449,3.5,1443355519
"674",5829,1457,2,1487220505
"675",5829,1459,3.5,1460574878
"676",5829,1461,3,1490379752
"677",5829,1464,4,1457550072
"678",5829,1466,4,1442479390
"679",5829,1476,4.5,1444070073
"680",5829,1479,3,1453557134
"681",5829,1483,3.5,1484479639
"682",5829,1485,3.5,1442479957
"683",5829,1488,3,1474488933
"684",5829,1499,1,1458474951
"685",5829,1500,3.5,1442477742
"686",5829,1513,3,1453490955
"687",5829,1515,1.5,1470143333
"688",5829,1517,3,1442477272
"689",5829,1518,3,1483900885
"690",5829,1527,5,1442165333
"691",5829,1537,3.5,1469124413
"692",5829,1544,4,1442477542
"693",5829,1552,4,1442254240
"694",5829,1556,2,1444070082
"695",5829,1562,2.5,1442479401
"696",5829,1566,3.5,1449521688
"697",5829,1569,2.5,1451558293
"698",5829,1573,4,1442479954
"699",5829,1580,4,1442254270
"700",5829,1584,4,1442479949
"701",5829,1586,2,1454610861
"702",5829,1587,3,1452634549
"703",5829,1588,1,1462626526
"704",5829,1589,2.5,1462823659
"705",5829,1590,4,1442522266
"706",5829,1591,0.5,1458919754
"707",5829,1594,3.5,1491327583
"708",5829,1597,4.5,1448011366
"709",5829,1603,3,1482996953
"710",5829,1608,3,1442479416
"711",5829,1610,3.5,1442689356
"712",5829,1611,2.5,1491325173
"713",5829,1614,2,1466197967
"714",5829,1615,3.5,1483871157
"715",5829,1616,3.5,1470245827
"716",5829,1617,3,1442476868
"717",5829,1619,2.5,1449523063
"718",5829,1620,2.5,1465725332
"719",5829,1625,4.5,1442479965
"720",5829,1627,4,1449430588
"721",5829,1635,2.5,1458763209
"722",5829,1639,3.5,1442611403
"723",5829,1641,2.5,1442479973
"724",5829,1643,2.5,1489006097
"725",5829,1644,2,1442560867
"726",5829,1645,4,1442476912
"727",5829,1653,4.5,1442476887
"728",5829,1663,3,1451848209
"729",5829,1665,3,1460577719
"730",5829,1673,3,1442477551
"731",5829,1674,3,1444238168
"732",5829,1676,3.5,1442476858
"733",5829,1678,2,1466974303
"734",5829,1680,2.5,1454622252
"735",5829,1682,3.5,1442476862
"736",5829,1687,3.5,1451848450
"737",5829,1688,2.5,1470486789
"738",5829,1689,3.5,1494759522
"739",5829,1690,4,1442477766
"740",5829,1693,3.5,1464978033
"741",5829,1694,4,1484517832
"742",5829,1701,3.5,1483480091
"743",5829,1702,3.5,1466799461
"744",5829,1704,2.5,1442477025
"745",5829,1707,2,1469568021
"746",5829,1711,3,1465850936
"747",5829,1713,2.5,1492366026
"748",5829,1717,2,1449516891
"749",5829,1719,2.5,1473877796
"750",5829,1721,3.5,1442254272
"751",5829,1722,3.5,1442477804
"752",5829,1726,1.5,1468739274
"753",5829,1727,3.5,1492945411
"754",5829,1729,4,1442477790
"755",5829,1732,5,1461233730
"756",5829,1735,3,1481468322
"757",5829,1747,4.5,1442477778
"758",5829,1748,4,1442477759
"759",5829,1753,2,1490984556
"760",5829,1754,3.5,1471700869
"761",5829,1760,1,1484996475
"762",5829,1769,3,1480708235
"763",5829,1772,4,1462471121
"764",5829,1777,1,1450726646
"765",5829,1779,3.5,1442561859
"766",5829,1784,4,1442479946
"767",5829,1792,3,1465657677
"768",5829,1799,2.5,1494529913
"769",5829,1801,3,1450899970
"770",5829,1805,4,1442560870
"771",5829,1810,3.5,1471101891
"772",5829,1831,1.5,1451035935
"773",5829,1833,2.5,1492359103
"774",5829,1834,3,1468748803
"775",5829,1835,3,1462725085
"776",5829,1862,3,1457895214
"777",5829,1873,2.5,1483891935
"778",5829,1876,3.5,1442477050
"779",5829,1882,2.5,1442560875
"780",5829,1883,3.5,1465032230
"781",5829,1884,4.5,1442477094
"782",5829,1885,1.5,1469814805
"783",5829,1888,2,1480367835
"784",5829,1892,3.5,1466714349
"785",5829,1894,2,1458912521
"786",5829,1895,1.5,1476122219
"787",5829,1907,3,1443282327
"788",5829,1909,3,1442477044
"789",5829,1911,2.5,1443863875
"790",5829,1912,2.5,1454184331
"791",5829,1914,2.5,1489086243
"792",5829,1916,4,1455216683
"793",5829,1917,4,1442479939
"794",5829,1918,2.5,1442479450
"795",5829,1920,2,1460660164
"796",5829,1921,5,1461233731
"797",5829,1923,3,1442477256
"798",5829,1924,1.5,1493831197
"799",5829,1927,3.5,1451289987
"800",5829,1944,4,1485100027
"801",5829,1945,3.5,1449941355
"802",5829,1947,3,1449430358
"803",5829,1949,3,1450481060
"804",5829,1950,3.5,1444673793
"805",5829,1952,4,1443193855
"806",5829,1953,4,1446839706
"807",5829,1954,4,1443547710
"808",5829,1955,3.5,1444231284
"809",5829,1956,3,1468942460
"810",5829,1957,3,1455293423
"811",5829,1958,2.5,1463759653
"812",5829,1959,2.5,1460817205
"813",5829,1960,3,1452635923
"814",5829,1961,4,1443547106
"815",5829,1962,3,1449430361
"816",5829,1965,4,1452532175
"817",5829,1967,4,1444231147
"818",5829,1968,4,1443547135
"819",5829,1970,2.5,1491586618
"820",5829,1974,2,1469980614
"821",5829,1982,3,1452624785
"822",5829,1991,2.5,1483908334
"823",5829,1994,3,1451752408
"824",5829,1997,3,1442341290
"825",5829,2000,3.5,1443904870
"826",5829,2001,3.5,1448099428
"827",5829,2002,2.5,1451752306
"828",5829,2003,3.5,1449430164
"829",5829,2004,2.5,1452973646
"830",5829,2005,4,1444231304
"831",5829,2006,2.5,1442477535
"832",5829,2009,4.5,1444231541
"833",5829,2010,4,1443193495
"834",5829,2011,3,1443547520
"835",5829,2012,3,1443547168
"836",5829,2013,3.5,1463160207
"837",5829,2014,3,1495303049
"838",5829,2015,3.5,1492709647
"839",5829,2018,2.5,1449430552
"840",5829,2019,3.5,1442732802
"841",5829,2020,3,1449430524
"842",5829,2021,5,1443858173
"843",5829,2022,2.5,1487936192
"844",5829,2023,3.5,1449517262
"845",5829,2025,3,1490392555
"846",5829,2028,4,1442341321
"847",5829,2033,3,1457899373
"848",5829,2034,2.5,1444493327
"849",5829,2042,2.5,1488121162
"850",5829,2046,3.5,1460828907
"851",5829,2052,3,1490559095
"852",5829,2053,2.5,1465628125
"853",5829,2054,3.5,1443547552
"854",5829,2058,2.5,1442479896
"855",5829,2059,3,1474998142
"856",5829,2060,2.5,1487220588
"857",5829,2064,4,1446213212
"858",5829,2065,3,1471112231
"859",5829,2067,3,1447517764
"860",5829,2068,3,1450897237
"861",5829,2072,2,1477113369
"862",5829,2076,3,1442341319
"863",5829,2078,4,1449430351
"864",5829,2080,3.5,1449430256
"865",5829,2081,4,1443547717
"866",5829,2082,3,1452972936
"867",5829,2083,3,1473792537
"868",5829,2085,3.5,1448574904
"869",5829,2087,3,1449430553
"870",5829,2088,2,1474891274
"871",5829,2089,3,1490517073
"872",5829,2090,3,1483557399
"873",5829,2094,2.5,1452634638
"874",5829,2096,2.5,1452624423
"875",5829,2100,3.5,1447517911
"876",5829,2102,3,1451290612
"877",5829,2105,4.5,1444231172
"878",5829,2108,3,1456571765
"879",5829,2109,2.5,1452636119
"880",5829,2110,1.5,1492365973
"881",5829,2111,2.5,1494677586
"882",5829,2112,2,1490511965
"883",5829,2114,2.5,1474369079
"884",5829,2115,3.5,1443193494
"885",5829,2116,3.5,1453152966
"886",5829,2117,4.5,1475157412
"887",5829,2118,3.5,1449345483
"888",5829,2122,3,1468740001
"889",5829,2123,4,1464378547
"890",5829,2124,2.5,1449517083
"891",5829,2125,2,1458460238
"892",5829,2126,3,1449772539
"893",5829,2130,3.5,1471532563
"894",5829,2132,3.5,1443193873
"895",5829,2133,2.5,1466611133
"896",5829,2134,4,1451831354
"897",5829,2135,2.5,1462617155
"898",5829,2136,2,1480450831
"899",5829,2137,3,1458547674
"900",5829,2138,4,1445721882
"901",5829,2139,4,1444237162
"902",5829,2140,4.5,1443858238
"903",5829,2141,4,1444231353
"904",5829,2142,2.5,1464378528
"905",5829,2143,4,1444231282
"906",5829,2144,3,1452890120
"907",5829,2145,2,1454175280
"908",5829,2146,2,1478121179
"909",5829,2150,4,1451590176
"910",5829,2153,2,1487798759
"911",5829,2159,3,1495814187
"912",5829,2160,3,1449430316
"913",5829,2161,4.5,1444231298
"914",5829,2163,2,1491850089
"915",5829,2167,4.5,1442477761
"916",5829,2174,3,1442341294
"917",5829,2176,3.5,1444938840
"918",5829,2183,3,1493461261
"919",5829,2186,3.5,1442477297
"920",5829,2189,3.5,1460054721
"921",5829,2193,3.5,1442764375
"922",5829,2194,4,1448098346
"923",5829,2203,2.5,1450476429
"924",5829,2208,3,1450480793
"925",5829,2231,4,1442988440
"926",5829,2232,4.5,1461233753
"927",5829,2241,2.5,1451049204
"928",5829,2243,3,1458672700
"929",5829,2245,3,1462626555
"930",5829,2248,3,1451818627
"931",5829,2253,1,1470767824
"932",5829,2268,3.5,1448131896
"933",5829,2269,2.5,1476529724
"934",5829,2273,3.5,1442479406
"935",5829,2278,4,1442479395
"936",5829,2279,2,1487786533
"937",5829,2288,3,1442341314
"938",5829,2289,3.5,1445108800
"939",5829,2291,4.5,1443547144
"940",5829,2294,2.5,1442477785
"941",5829,2296,2.5,1462616859
"942",5829,2297,3,1469044292
"943",5829,2300,3,1452634497
"944",5829,2301,2.5,1451848142
"945",5829,2302,3.5,1445092375
"946",5829,2303,3.5,1492179895
"947",5829,2311,4.5,1493238697
"948",5829,2312,3,1489006611
"949",5829,2313,3.5,1445107917
"950",5829,2316,2,1485005382
"951",5829,2318,3,1448480284
"952",5829,2321,3,1442477552
"953",5829,2324,3.5,1442341289
"954",5829,2325,3,1493575988
"955",5829,2329,5,1442341259
"956",5829,2333,3,1468663713
"957",5829,2334,3,1483177945
"958",5829,2335,1,1448744734
"959",5829,2336,3,1442479399
"960",5829,2338,0.5,1466796695
"961",5829,2340,1.5,1458933465
"962",5829,2346,4,1460482809
"963",5829,2351,3.5,1450020618
"964",5829,2352,3,1456765360
"965",5829,2353,3,1442254235
"966",5829,2355,2.5,1442479948
"967",5829,2357,3,1493563842
"968",5829,2359,3,1456581170
"969",5829,2360,4,1442765003
"970",5829,2363,3,1491586774
"971",5829,2366,2.5,1454783708
"972",5829,2367,3,1483354603
"973",5829,2369,2,1463088809
"974",5829,2371,3,1456771831
"975",5829,2375,3,1471788792
"976",5829,2376,2,1474048432
"977",5829,2378,2.5,1474181379
"978",5829,2379,2,1474181383
"979",5829,2380,2,1474181385
"980",5829,2381,1.5,1474186422
"981",5829,2382,1,1474204890
"982",5829,2383,1,1474226024
"983",5829,2384,2,1443622686
"984",5829,2389,2.5,1480146833
"985",5829,2390,3,1492378700
"986",5829,2391,2.5,1457301088
"987",5829,2393,3,1448796608
"988",5829,2394,3.5,1442522269
"989",5829,2395,4,1442341324
"990",5829,2396,2,1442477275
"991",5829,2398,3,1465405746
"992",5829,2401,3.5,1487798771
"993",5829,2402,2,1453034674
"994",5829,2403,3,1453142201
"995",5829,2404,2.5,1471686452
"996",5829,2405,2.5,1458058785
"997",5829,2406,2.5,1450810305
"998",5829,2407,2.5,1449517649
"999",5829,2409,3,1453321640
"1000",5829,2410,2.5,1453142135
"1001",5829,2411,3.5,1453027417
"1002",5829,2412,3.5,1471789408
"1003",5829,2413,3.5,1452972880
"1004",5829,2414,2.5,1490221118
"1005",5829,2416,2,1489827006
"1006",5829,2420,3.5,1449430385
"1007",5829,2421,3.5,1452459160
"1008",5829,2422,3,1470761665
"1009",5829,2423,3,1458467406
"1010",5829,2424,2,1442477764
"1011",5829,2427,3,1442479899
"1012",5829,2428,2,1458487428
"1013",5829,2431,2,1442561864
"1014",5829,2433,3.5,1470564261
"1015",5829,2447,1.5,1483470618
"1016",5829,2450,2,1466928517
"1017",5829,2454,3,1473710488
"1018",5829,2455,3.5,1449517413
"1019",5829,2459,2,1477514716
"1020",5829,2463,2.5,1477757038
"1021",5829,2467,3,1449521695
"1022",5829,2468,2.5,1462625576
"1023",5829,2469,3.5,1474097509
"1024",5829,2470,3,1447517879
"1025",5829,2471,2,1458971762
"1026",5829,2474,3.5,1457640873
"1027",5829,2478,2.5,1456671161
"1028",5829,2485,2,1458469243
"1029",5829,2488,4.5,1452449970
"1030",5829,2490,3,1442523315
"1031",5829,2495,4,1445670251
"1032",5829,2496,3.5,1470557301
"1033",5829,2501,4,1454145497
"1034",5829,2502,4,1442341265
"1035",5829,2505,3.5,1460659734
"1036",5829,2513,4,1472905819
"1037",5829,2517,4,1469362428
"1038",5829,2524,3.5,1492148839
"1039",5829,2527,4,1444231555
"1040",5829,2528,4,1444231200
"1041",5829,2529,3.5,1443077184
"1042",5829,2530,3.5,1492329327
"1043",5829,2533,3.5,1473262290
"1044",5829,2539,3.5,1442479453
"1045",5829,2541,3.5,1451856879
"1046",5829,2542,4,1442341270
"1047",5829,2557,4,1452978610
"1048",5829,2560,3,1481367947
"1049",5829,2562,3,1483908385
"1050",5829,2565,3,1470677914
"1051",5829,2567,3,1460665368
"1052",5829,2571,5,1442164427
"1053",5829,2572,2,1442479430
"1054",5829,2579,3.5,1459610189
"1055",5829,2580,3.5,1453623755
"1056",5829,2581,2,1454103608
"1057",5829,2594,3,1489873465
"1058",5829,2598,2.5,1471088819
"1059",5829,2599,3,1442603891
"1060",5829,2600,4,1446839764
"1061",5829,2605,3,1442479895
"1062",5829,2612,4,1452351866
"1063",5829,2616,3,1452450351
"1064",5829,2617,2,1442479961
"1065",5829,2622,3,1471161050
"1066",5829,2628,3.5,1442477264
"1067",5829,2640,3,1448085343
"1068",5829,2641,2.5,1453413008
"1069",5829,2642,3,1463679538
"1070",5829,2643,2.5,1474548988
"1071",5829,2648,3,1475135850
"1072",5829,2657,4,1443547728
"1073",5829,2662,3.5,1462636190
"1074",5829,2664,4,1452449858
"1075",5829,2671,2,1442477042
"1076",5829,2672,3.5,1469980511
"1077",5829,2677,2.5,1447348009
"1078",5829,2683,3,1442477261
"1079",5829,2686,4,1458068900
"1080",5829,2687,4,1446839775
"1081",5829,2688,3.5,1458393047
"1082",5829,2690,2,1485119680
"1083",5829,2691,4,1468222252
"1084",5829,2692,3.5,1442476894
"1085",5829,2694,1,1442479403
"1086",5829,2699,2.5,1448196552
"1087",5829,2700,3.5,1442479958
"1088",5829,2701,2.5,1442477780
"1089",5829,2702,2.5,1480270671
"1090",5829,2706,2,1442477266
"1091",5829,2707,3.5,1454778471
"1092",5829,2710,4,1442479953
"1093",5829,2712,4.5,1442254236
"1094",5829,2713,1.5,1470063526
"1095",5829,2716,3.5,1443547091
"1096",5829,2717,3.5,1451848423
"1097",5829,2718,3.5,1478380903
"1098",5829,2719,2,1465557682
"1099",5829,2720,1,1469553298
"1100",5829,2722,3,1452720017
"1101",5829,2723,2.5,1442479913
"1102",5829,2724,3,1452965527
"1103",5829,2726,4,1443193901
"1104",5829,2728,3.5,1453051900
"1105",5829,2729,4.5,1449073778
"1106",5829,2730,2,1449004994
"1107",5829,2731,3.5,1449996524
"1108",5829,2732,2.5,1451848033
"1109",5829,2734,3,1488995747
"1110",5829,2735,2,1471177414
"1111",5829,2739,3.5,1451831363
"1112",5829,2745,3.5,1493542243
"1113",5829,2746,3.5,1444888589
"1114",5829,2747,3.5,1483369874
"1115",5829,2759,2.5,1485069925
"1116",5829,2761,4,1442520223
"1117",5829,2762,4,1442341310
"1118",5829,2763,4,1442477051
"1119",5829,2764,3.5,1484081908
"1120",5829,2770,3,1451603935
"1121",5829,2779,3.5,1492179929
"1122",5829,2788,4,1442476939
"1123",5829,2791,3,1442523371
"1124",5829,2792,3,1451848135
"1125",5829,2794,2,1477765120
"1126",5829,2795,3.5,1458327041
"1127",5829,2797,4,1443547524
"1128",5829,2803,2.5,1464377846
"1129",5829,2804,4.5,1442649713
"1130",5829,2805,2.5,1465491097
"1131",5829,2808,1,1468767873
"1132",5829,2810,4,1443193529
"1133",5829,2819,3.5,1444938815
"1134",5829,2826,3,1452719901
"1135",5829,2827,1,1483733647
"1136",5829,2840,3,1449166552
"1137",5829,2841,4,1493584599
"1138",5829,2843,2,1450013039
"1139",5829,2857,4,1450024868
"1140",5829,2858,4,1442341262
"1141",5829,2859,2.5,1444331431
"1142",5829,2861,3,1493639153
"1143",5829,2862,3,1451570468
"1144",5829,2863,3.5,1468180766
"1145",5829,2867,2.5,1492148934
"1146",5829,2871,4,1449430366
"1147",5829,2872,3.5,1452634385
"1148",5829,2881,3.5,1453661166
"1149",5829,2890,3,1442477047
"1150",5829,2905,3.5,1450480847
"1151",5829,2908,3,1453567655
"1152",5829,2912,4,1477817440
"1153",5829,2915,2.5,1453673933
"1154",5829,2916,4,1443027350
"1155",5829,2917,3.5,1473183619
"1156",5829,2918,4,1443454156
"1157",5829,2919,3,1485725193
"1158",5829,2921,3.5,1490210290
"1159",5829,2926,3.5,1474959726
"1160",5829,2932,1.5,1445108659
"1161",5829,2935,3,1450887454
"1162",5829,2942,3.5,1470677365
"1163",5829,2944,3,1452635740
"1164",5829,2947,3,1449517387
"1165",5829,2948,3.5,1443125130
"1166",5829,2949,3.5,1452703926
"1167",5829,2950,2,1470945115
"1168",5829,2951,3,1450005557
"1169",5829,2953,3,1449523101
"1170",5829,2959,5,1442164592
"1171",5829,2966,4,1445077109
"1172",5829,2968,3,1444231177
"1173",5829,2970,4.5,1450793269
"1174",5829,2971,3.5,1468739359
"1175",5829,2973,3.5,1444231527
"1176",5829,2976,4,1473951659
"1177",5829,2985,4,1443547769
"1178",5829,2986,2,1453063553
"1179",5829,2987,4.5,1443547177
"1180",5829,2989,3.5,1470051959
"1181",5829,2990,2.5,1468779568
"1182",5829,2991,1.5,1464891841
"1183",5829,2993,3,1468607735
"1184",5829,2995,3,1483091825
"1185",5829,2997,4,1442341272
"1186",5829,3000,4.5,1442341267
"1187",5829,3005,2,1456650426
"1188",5829,3006,4,1444854815
"1189",5829,3007,3,1453661148
"1190",5829,3016,2.5,1487220574
"1191",5829,3018,2.5,1492156955
"1192",5829,3019,2.5,1473707563
"1193",5829,3020,5,1448395859
"1194",5829,3022,2,1449996577
"1195",5829,3030,3,1449996507
"1196",5829,3032,4.5,1448203293
"1197",5829,3033,3.5,1449517299
"1198",5829,3034,3.5,1445670180
"1199",5829,3035,3,1492459528
"1200",5829,3037,4,1450897174
"1201",5829,3039,3.5,1451743335
"1202",5829,3040,2.5,1495050593
"1203",5829,3044,1.5,1473456107
"1204",5829,3052,4,1442341287
"1205",5829,3053,2.5,1488099730
"1206",5829,3060,2,1464377733
"1207",5829,3062,3.5,1487884853
"1208",5829,3067,3.5,1488995752
"1209",5829,3068,4,1449334465
"1210",5829,3070,2,1473878845
"1211",5829,3071,4,1490902990
"1212",5829,3072,4,1449430377
"1213",5829,3075,4,1470236781
"1214",5829,3081,3.5,1442477749
"1215",5829,3082,3.5,1442479891
"1216",5829,3083,3.5,1443077176
"1217",5829,3087,3,1458919908
"1218",5829,3088,4,1443113508
"1219",5829,3089,3,1449081545
"1220",5829,3091,3.5,1450884255
"1221",5829,3095,4,1444674753
"1222",5829,3097,3.5,1443466284
"1223",5829,3098,3.5,1456171856
"1224",5829,3100,3.5,1458487481
"1225",5829,3101,3.5,1451237878
"1226",5829,3104,3.5,1453052063
"1227",5829,3105,4,1444570642
"1228",5829,3107,3,1449430325
"1229",5829,3108,3,1449430539
"1230",5829,3113,3,1451851718
"1231",5829,3114,2,1442477268
"1232",5829,3134,4,1451383536
"1233",5829,3146,0.5,1473021200
"1234",5829,3147,4,1442341312
"1235",5829,3148,2.5,1448386409
"1236",5829,3152,2.5,1444547560
"1237",5829,3155,2.5,1473000342
"1238",5829,3156,2.5,1470133180
"1239",5829,3157,2,1449166189
"1240",5829,3159,3,1460579025
"1241",5829,3160,3,1442341295
"1242",5829,3168,4,1445076186
"1243",5829,3173,3,1464378829
"1244",5829,3174,3.5,1442560861
"1245",5829,3175,4,1442477536
"1246",5829,3176,3.5,1442477550
"1247",5829,3178,4,1453019518
"1248",5829,3186,3,1465405829
"1249",5829,3196,4,1450481106
"1250",5829,3198,4,1443277315
"1251",5829,3203,3,1478433070
"1252",5829,3210,3.5,1451848319
"1253",5829,3243,0.5,1468740347
"1254",5829,3246,4,1452973473
"1255",5829,3247,3.5,1449516908
"1256",5829,3248,3,1471544861
"1257",5829,3249,3,1489185144
"1258",5829,3250,3,1487220540
"1259",5829,3252,4,1444547742
"1260",5829,3253,4,1442523657
"1261",5829,3254,3,1453141148
"1262",5829,3255,2.5,1451588310
"1263",5829,3256,3.5,1451818565
"1264",5829,3257,3,1450012333
"1265",5829,3258,4,1457640771
"1266",5829,3259,2.5,1483885183
"1267",5829,3260,1.5,1470255195
"1268",5829,3261,2.5,1487344419
"1269",5829,3262,3,1448832146
"1270",5829,3263,2,1458492360
"1271",5829,3264,1.5,1465417405
"1272",5829,3265,2.5,1444940570
"1273",5829,3267,3.5,1466883145
"1274",5829,3269,2.5,1472905103
"1275",5829,3271,3.5,1473274749
"1276",5829,3273,2,1442561865
"1277",5829,3274,3,1487308033
"1278",5829,3275,4,1442341274
"1279",5829,3285,3,1443622684
"1280",5829,3298,3.5,1466353797
"1281",5829,3300,4,1442522261
"1282",5829,3301,4,1442522263
"1283",5829,3307,2,1448559892
"1284",5829,3310,3.5,1450481660
"1285",5829,3316,2.5,1492809418
"1286",5829,3317,3.5,1456756514
"1287",5829,3328,4,1451831580
"1288",5829,3334,3,1450899966
"1289",5829,3354,3.5,1442581593
"1290",5829,3355,3,1460578011
"1291",5829,3359,3.5,1444854979
"1292",5829,3360,3,1465754693
"1293",5829,3361,2.5,1455301716
"1294",5829,3362,4.5,1446670313
"1295",5829,3363,2.5,1454163503
"1296",5829,3365,3.5,1451080060
"1297",5829,3386,3.5,1449516713
"1298",5829,3396,3,1455293070
"1299",5829,3398,3.5,1492720456
"1300",5829,3408,3.5,1442480068
"1301",5829,3409,3,1446839771
"1302",5829,3418,3,1451139882
"1303",5829,3421,3,1443772040
"1304",5829,3424,3.5,1452624133
"1305",5829,3429,4,1444161373
"1306",5829,3435,2.5,1449996451
"1307",5829,3438,2.5,1464967600
"1308",5829,3439,1.5,1485715066
"1309",5829,3441,2,1485032758
"1310",5829,3448,3,1450128317
"1311",5829,3450,2.5,1458503667
"1312",5829,3451,4,1462625240
"1313",5829,3452,3,1467403368
"1314",5829,3461,3,1484163873
"1315",5829,3462,3,1442341299
"1316",5829,3467,3,1453674661
"1317",5829,3468,3,1442477330
"1318",5829,3469,4,1445016227
"1319",5829,3470,2,1444593292
"1320",5829,3471,3.5,1442663079
"1321",5829,3476,5,1448546587
"1322",5829,3477,2.5,1485099568
"1323",5829,3479,3.5,1444556379
"1324",5829,3481,3.5,1442476910
"1325",5829,3483,3.5,1462471314
"1326",5829,3484,2.5,1492863371
"1327",5829,3489,2.5,1449430381
"1328",5829,3498,4,1446670387
"1329",5829,3499,4,1449430344
"1330",5829,3503,3,1445176459
"1331",5829,3504,4,1448559386
"1332",5829,3505,2.5,1489337164
"1333",5829,3507,3,1443466238
"1334",5829,3508,3.5,1445107972
"1335",5829,3510,3,1449081264
"1336",5829,3512,2.5,1487950354
"1337",5829,3513,2,1490440547
"1338",5829,3524,3,1484331615
"1339",5829,3526,2.5,1465574528
"1340",5829,3527,3.5,1442689358
"1341",5829,3534,2,1465648175
"1342",5829,3535,5,1446756289
"1343",5829,3536,2.5,1469966837
"1344",5829,3543,2,1474817372
"1345",5829,3545,3.5,1453674622
"1346",5829,3551,4.5,1446670315
"1347",5829,3552,3,1453397719
"1348",5829,3555,3.5,1454524087
"1349",5829,3556,3,1458245396
"1350",5829,3578,2.5,1442164614
"1351",5829,3581,4.5,1459540054
"1352",5829,3591,3,1484769008
"1353",5829,3592,3.5,1445670290
"1354",5829,3593,2,1454871632
"1355",5829,3596,2.5,1460789226
"1356",5829,3608,3,1451831359
"1357",5829,3615,1.5,1487220591
"1358",5829,3617,2,1442649763
"1359",5829,3623,3,1442480060
"1360",5829,3624,3,1442560874
"1361",5829,3629,2.5,1448559582
"1362",5829,3633,3,1487220491
"1363",5829,3635,3.5,1468682338
"1364",5829,3638,3,1452974194
"1365",5829,3639,4,1470494400
"1366",5829,3646,1,1484688320
"1367",5829,3654,4,1474619945
"1368",5829,3668,2.5,1483178979
"1369",5829,3671,2.5,1443772064
"1370",5829,3676,3.5,1457881617
"1371",5829,3677,2,1443113257
"1372",5829,3681,3,1448559752
"1373",5829,3683,3.5,1443113494
"1374",5829,3686,2.5,1470934603
"1375",5829,3687,4,1445670283
"1376",5829,3688,1.5,1492866027
"1377",5829,3697,2,1453321319
"1378",5829,3698,3.5,1452634565
"1379",5829,3699,2.5,1470677591
"1380",5829,3701,2.5,1468739314
"1381",5829,3702,4,1442649820
"1382",5829,3703,4,1442649859
"1383",5829,3704,4,1458756234
"1384",5829,3705,2,1494617133
"1385",5829,3706,4,1448546245
"1386",5829,3707,3,1491850099
"1387",5829,3717,3,1442523207
"1388",5829,3725,3.5,1457818226
"1389",5829,3730,4,1449996489
"1390",5829,3735,4.5,1446670289
"1391",5829,3736,3,1443466231
"1392",5829,3740,3,1453052004
"1393",5829,3741,4,1443193853
"1394",5829,3742,2,1451290000
"1395",5829,3744,3,1451831576
"1396",5829,3745,2.5,1451079529
"1397",5829,3751,2,1442480065
"1398",5829,3752,2.5,1448712026
"1399",5829,3753,3,1442481927
"1400",5829,3755,2,1442477683
"1401",5829,3763,2.5,1478285177
"1402",5829,3783,3.5,1494881880
"1403",5829,3784,3,1491849847
"1404",5829,3785,2,1442649826
"1405",5829,3791,3,1473801077
"1406",5829,3793,3.5,1443904706
"1407",5829,3798,3,1457631110
"1408",5829,3801,3.5,1448559540
"1409",5829,3809,2.5,1458495557
"1410",5829,3814,3,1451390475
"1411",5829,3819,4.5,1443547265
"1412",5829,3821,0.5,1477862724
"1413",5829,3825,2.5,1453643705
"1414",5829,3826,2.5,1449516947
"1415",5829,3827,2.5,1458936253
"1416",5829,3844,1,1475144442
"1417",5829,3861,3.5,1484601560
"1418",5829,3863,3.5,1453543181
"1419",5829,3868,3.5,1452704044
"1420",5829,3869,3,1453027371
"1421",5829,3882,2,1465544320
"1422",5829,3889,3,1474723140
"1423",5829,3893,3,1465746355
"1424",5829,3896,2.5,1497194710
"1425",5829,3897,3.5,1442480058
"1426",5829,3910,3.5,1457876378
"1427",5829,3911,4,1442481976
"1428",5829,3916,3,1454153636
"1429",5829,3917,3.5,1468740209
"1430",5829,3927,4,1445176430
"1431",5829,3948,3,1442481923
"1432",5829,3949,4.5,1442254232
"1433",5829,3952,1.5,1491157334
"1434",5829,3959,3.5,1445176597
"1435",5829,3967,3,1442591846
"1436",5829,3968,3,1453643862
"1437",5829,3969,3,1458683113
"1438",5829,3972,2.5,1483369881
"1439",5829,3977,1.5,1447366121
"1440",5829,3978,3,1483044206
"1441",5829,3979,0.5,1474549173
"1442",5829,3980,3.5,1471809231
"1443",5829,3981,2.5,1450005714
"1444",5829,3983,3,1485375199
"1445",5829,3984,2,1466611135
"1446",5829,3986,3.5,1442689479
"1447",5829,3988,2,1458327467
"1448",5829,3993,3.5,1487220567
"1449",5829,3994,3.5,1442481925
"1450",5829,3996,2.5,1442164639
"1451",5829,3998,3,1492630907
"1452",5829,3999,2,1474479340
"1453",5829,4002,2.5,1454603951
"1454",5829,4006,1.5,1460048634
"1455",5829,4007,4,1443279605
"1456",5829,4008,3,1469130744
"1457",5829,4011,5,1442164623
"1458",5829,4014,3,1442523198
"1459",5829,4015,4,1448996896
"1460",5829,4016,3,1443622680
"1461",5829,4018,3,1442737347
"1462",5829,4019,3.5,1458327756
"1463",5829,4020,3,1489261582
"1464",5829,4022,3.5,1442480056
"1465",5829,4023,2.5,1459528881
"1466",5829,4025,2,1442523260
"1467",5829,4027,3.5,1442477527
"1468",5829,4029,3.5,1485607378
"1469",5829,4033,4,1475231658
"1470",5829,4034,3,1442480063
"1471",5829,4036,3.5,1492876596
"1472",5829,4037,3.5,1450887284
"1473",5829,4039,3,1492925869
"1474",5829,4041,3,1472928637
"1475",5829,4054,1.5,1476217717
"1476",5829,4069,1,1467734517
"1477",5829,4084,2.5,1468003456
"1478",5829,4085,3,1442254294
"1479",5829,4090,4,1449307699
"1480",5829,4103,3,1475326415
"1481",5829,4105,2.5,1452449625
"1482",5829,4121,3.5,1462625609
"1483",5829,4128,3.5,1449858779
"1484",5829,4144,3.5,1442677325
"1485",5829,4148,3.5,1442523703
"1486",5829,4161,3.5,1466255421
"1487",5829,4214,3.5,1460229446
"1488",5829,4223,3,1454603910
"1489",5829,4226,5,1442164616
"1490",5829,4232,1.5,1449306714
"1491",5829,4235,4,1442507691
"1492",5829,4238,3,1482349600
"1493",5829,4239,3.5,1442210174
"1494",5829,4246,2.5,1442477671
"1495",5829,4247,1.5,1462617037
"1496",5829,4251,3.5,1459284812
"1497",5829,4254,2,1468739027
"1498",5829,4262,5,1442210093
"1499",5829,4265,0.5,1469348431
"1500",5829,4270,2,1442649758
"1501",5829,4278,2,1450038550
"1502",5829,4280,3,1488099741
"1503",5829,4298,4.5,1450793212
"1504",5829,4299,2,1458467614
"1505",5829,4306,4,1442481875
"1506",5829,4308,2.5,1442477676
"1507",5829,4310,2.5,1442519921
"1508",5829,4321,2.5,1451079268
"1509",5829,4326,3.5,1470503146
"1510",5829,4327,3,1451847937
"1511",5829,4343,2.5,1448395942
"1512",5829,4344,3.5,1442519842
"1513",5829,4351,3,1470331829
"1514",5829,4361,4,1443547792
"1515",5829,4366,3,1468344186
"1516",5829,4367,2.5,1442581587
"1517",5829,4369,2,1442520130
"1518",5829,4370,2.5,1442477678
"1519",5829,4378,3.5,1487220535
"1520",5829,4386,1.5,1492709337
"1521",5829,4388,1,1449307301
"1522",5829,4427,2.5,1444594983
"1523",5829,4446,2.5,1442523057
"1524",5829,4447,2,1443992872
"1525",5829,4448,3.5,1451395190
"1526",5829,4454,4.5,1454832472
"1527",5829,4467,4,1460048733
"1528",5829,4487,3.5,1493568576
"1529",5829,4489,3.5,1466276786
"1530",5829,4499,3,1470041970
"1531",5829,4519,4,1444231500
"1532",5829,4545,3.5,1457711858
"1533",5829,4546,4.5,1445199052
"1534",5829,4553,4,1448553668
"1535",5829,4558,3,1480615276
"1536",5829,4571,4,1449430297
"1537",5829,4618,2,1445189371
"1538",5829,4621,2,1473753638
"1539",5829,4623,3.5,1471720402
"1540",5829,4624,2,1460134828
"1541",5829,4638,3,1442520126
"1542",5829,4639,3,1469979686
"1543",5829,4641,3,1443269247
"1544",5829,4642,4,1490049609
"1545",5829,4643,3.5,1442585059
"1546",5829,4662,3,1483805281
"1547",5829,4677,3,1488043064
"1548",5829,4678,3,1462472592
"1549",5829,4679,2.5,1485099569
"1550",5829,4680,3.5,1450981749
"1551",5829,4681,3.5,1462735935
"1552",5829,4700,0.5,1474466504
"1553",5829,4701,2.5,1442519844
"1554",5829,4718,2.5,1442519932
"1555",5829,4720,3.5,1451647812
"1556",5829,4728,3,1447967816
"1557",5829,4734,4,1442344685
"1558",5829,4735,2,1458755848
"1559",5829,4744,2.5,1492179758
"1560",5829,4776,3.5,1453579110
"1561",5829,4816,3.5,1454168797
"1562",5829,4823,1.5,1471797175
"1563",5829,4844,3.5,1483910629
"1564",5829,4848,3.5,1442254292
"1565",5829,4850,2.5,1457807135
"1566",5829,4855,3.5,1443279589
"1567",5829,4857,3.5,1444547658
"1568",5829,4865,3.5,1443361270
"1569",5829,4873,3.5,1448698185
"1570",5829,4874,3.5,1442519839
"1571",5829,4878,4.5,1493033952
"1572",5829,4880,3.5,1492439791
"1573",5829,4881,3.5,1469734416
"1574",5829,4886,3,1442481874
"1575",5829,4887,1.5,1487968350
"1576",5829,4890,2,1463589623
"1577",5829,4896,3.5,1442481880
"1578",5829,4901,4,1458902996
"1579",5829,4902,3.5,1452352077
"1580",5829,4903,3.5,1490819837
"1581",5829,4914,2.5,1450005095
"1582",5829,4941,3,1468738796
"1583",5829,4954,3.5,1462600479
"1584",5829,4958,3,1478815186
"1585",5829,4963,3.5,1442481870
"1586",5829,4967,3.5,1450773240
"1587",5829,4970,3.5,1451298471
"1588",5829,4973,3,1442164640
"1589",5829,4974,1.5,1462625498
"1590",5829,4975,3,1442519923
"1591",5829,4979,4,1442481929
"1592",5829,4980,4,1468740491
"1593",5829,4992,1.5,1477752345
"1594",5829,4993,4,1442477026
"1595",5829,4995,3.5,1442211423
"1596",5829,4998,3.5,1451847728
"1597",5829,5002,4,1444486194
"1598",5829,5003,4,1460046990
"1599",5829,5004,3,1466800799
"1600",5829,5008,3.5,1449940465
"1601",5829,5009,2.5,1495216164
"1602",5829,5010,3,1442523201
"1603",5829,5013,2.5,1457902716
"1604",5829,5014,2.5,1474454210
"1605",5829,5015,2.5,1449166519
"1606",5829,5017,3,1445367540
"1607",5829,5025,3,1462625237
"1608",5829,5026,2,1450975105
"1609",5829,5038,3.5,1457788665
"1610",5829,5041,3.5,1457724832
"1611",5829,5047,3.5,1453027224
"1612",5829,5049,3,1470575436
"1613",5829,5060,2,1448909732
"1614",5829,5064,3,1460816438
"1615",5829,5065,3,1448909274
"1616",5829,5069,1.5,1462692712
"1617",5829,5072,4,1454871309
"1618",5829,5103,4,1460223448
"1619",5829,5110,2.5,1469289672
"1620",5829,5135,2,1485465747
"1621",5829,5146,4.5,1449166509
"1622",5829,5147,3.5,1442649674
"1623",5829,5151,1,1487220523
"1624",5829,5152,2.5,1474395752
"1625",5829,5159,4,1444547555
"1626",5829,5171,3,1471628645
"1627",5829,5218,2.5,1442477672
"1628",5829,5219,4,1442562580
"1629",5829,5225,3,1465041968
"1630",5829,5254,4,1442689477
"1631",5829,5265,4,1448574589
"1632",5829,5266,3,1442520128
"1633",5829,5291,3,1442211477
"1634",5829,5293,3.5,1489351129
"1635",5829,5294,3,1483812874
"1636",5829,5299,2,1447579347
"1637",5829,5308,1,1477774357
"1638",5829,5313,2,1482956962
"1639",5829,5349,2.5,1442164633
"1640",5829,5377,3,1451752111
"1641",5829,5378,4,1442481882
"1642",5829,5388,3,1442519835
"1643",5829,5400,1.5,1471195873
"1644",5829,5401,2.5,1481230161
"1645",5829,5410,4,1460048726
"1646",5829,5418,3,1442481877
"1647",5829,5419,1,1449603566
"1648",5829,5444,1.5,1464466304
"1649",5829,5445,3.5,1442481872
"1650",5829,5446,3.5,1492957710
"1651",5829,5449,0.5,1473767964
"1652",5829,5459,4,1442520109
"1653",5829,5463,3,1477945321
"1654",5829,5464,3.5,1448909395
"1655",5829,5475,2.5,1451549930
"1656",5829,5481,2,1442519925
"1657",5829,5500,2,1483821186
"1658",5829,5502,3,1442520101
"1659",5829,5505,3.5,1492445655
"1660",5829,5507,3,1442562582
"1661",5829,5528,3.5,1465595859
"1662",5829,5541,3,1468740420
"1663",5829,5574,3,1447967838
"1664",5829,5577,3.5,1483995532
"1665",5829,5608,3.5,1492179859
"1666",5829,5617,4.5,1445176816
"1667",5829,5618,5,1442210092
"1668",5829,5620,2,1472976768
"1669",5829,5630,3.5,1447572524
"1670",5829,5666,3,1460134779
"1671",5829,5669,4,1442477674
"1672",5829,5673,2.5,1460805251
"1673",5829,5679,3,1442477233
"1674",5829,5690,4,1442210325
"1675",5829,5693,3,1484071701
"1676",5829,5782,4,1442675098
"1677",5829,5785,3.5,1449523201
"1678",5829,5791,3.5,1448824595
"1679",5829,5810,3.5,1447572536
"1680",5829,5816,4,1442481920
"1681",5829,5833,2,1501356809
"1682",5829,5872,1.5,1448386348
"1683",5829,5878,3.5,1443077172
"1684",5829,5881,2,1448832444
"1685",5829,5900,3.5,1475431924
"1686",5829,5902,3.5,1442477241
"1687",5829,5903,3.5,1442211453
"1688",5829,5943,2,1490468469
"1689",5829,5944,2.5,1449602235
"1690",5829,5945,2.5,1449310125
"1691",5829,5952,4,1442477095
"1692",5829,5954,4,1442562576
"1693",5829,5956,3.5,1442520132
"1694",5829,5957,1.5,1484508955
"1695",5829,5970,3.5,1444587605
"1696",5829,5971,4,1442418601
"1697",5829,5989,3,1442481879
"1698",5829,5991,3,1442520107
"1699",5829,5992,3.5,1454871646
"1700",5829,5995,4,1442477680
"1701",5829,5999,3.5,1457720892
"1702",5829,6001,4.5,1449307768
"1703",5829,6016,4,1442418603
"1704",5829,6058,2,1451080203
"1705",5829,6059,3.5,1448909193
"1706",5829,6093,4,1457899410
"1707",5829,6104,4.5,1443193900
"1708",5829,6125,2.5,1480192055
"1709",5829,6155,2,1449307234
"1710",5829,6156,2,1483006408
"1711",5829,6157,2,1448309093
"1712",5829,6184,3.5,1457876388
"1713",5829,6187,3,1468099427
"1714",5829,6188,2.5,1448555525
"1715",5829,6214,4,1452978618
"1716",5829,6218,1.5,1454251134
"1717",5829,6223,4,1460050336
"1718",5829,6242,3.5,1485628371
"1719",5829,6250,3,1468738940
"1720",5829,6263,2.5,1500799015
"1721",5829,6264,2,1468739171
"1722",5829,6281,3.5,1458857362
"1723",5829,6283,4.5,1443077166
"1724",5829,6287,2,1442481954
"1725",5829,6296,3.5,1443269226
"1726",5829,6297,4,1448099583
"1727",5829,6303,4,1459529303
"1728",5829,6323,3.5,1464717799
"1729",5829,6331,3.5,1445276245
"1730",5829,6333,3.5,1443992613
"1731",5829,6350,4,1442418605
"1732",5829,6365,3.5,1442477202
"1733",5829,6373,3,1442477236
"1734",5829,6377,3.5,1442477208
"1735",5829,6378,4,1442520052
"1736",5829,6383,2,1443771070
"1737",5829,6385,2.5,1473778155
"1738",5829,6440,4,1448559152
"1739",5829,6502,3,1442477669
"1740",5829,6503,0.5,1467134499
"1741",5829,6530,4,1468661804
"1742",5829,6534,1,1443982686
"1743",5829,6535,0.5,1492371649
"1744",5829,6537,3.5,1442582066
"1745",5829,6539,3,1442418710
"1746",5829,6541,2.5,1442523281
"1747",5829,6548,2.5,1448308756
"1748",5829,6550,3,1462446401
"1749",5829,6564,2,1449165620
"1750",5829,6565,3,1465505595
"1751",5829,6586,1.5,1449523008
"1752",5829,6593,4,1448824591
"1753",5829,6595,2.5,1449300047
"1754",5829,6618,2.5,1488489788
"1755",5829,6620,4,1443117113
"1756",5829,6643,2,1450507467
"1757",5829,6645,4,1448553675
"1758",5829,6650,3.5,1451383763
"1759",5829,6659,2.5,1477168607
"1760",5829,6660,2.5,1453674664
"1761",5829,6662,3,1490049611
"1762",5829,6666,2.5,1453135081
"1763",5829,6669,4,1450284042
"1764",5829,6707,3,1500135901
"1765",5829,6708,3,1448816879
"1766",5829,6709,2.5,1473678791
"1767",5829,6711,3,1442477200
"1768",5829,6713,3.5,1443555160
"1769",5829,6754,4,1442481945
"1770",5829,6755,3.5,1494703807
"1771",5829,6764,3.5,1444978362
"1772",5829,6773,4.5,1443466260
"1773",5829,6774,3.5,1454831381
"1774",5829,6777,4,1451489820
"1775",5829,6780,4,1459595770
"1776",5829,6787,3.5,1442476935
"1777",5829,6796,4,1471290687
"1778",5829,6807,4.5,1442476890
"1779",5829,6818,4.5,1443466299
"1780",5829,6820,3,1468075972
"1781",5829,6857,4,1443193871
"1782",5829,6863,4,1442477229
"1783",5829,6867,3,1444929361
"1784",5829,6870,4,1443992892
"1785",5829,6873,3.5,1487220775
"1786",5829,6874,4,1442476870
"1787",5829,6879,3.5,1481455312
"1788",5829,6888,1.5,1449299901
"1789",5829,6890,3,1495376480
"1790",5829,6893,4,1462616702
"1791",5829,6934,4,1442520055
"1792",5829,6936,2.5,1463336732
"1793",5829,6942,3.5,1451840322
"1794",5829,6944,2,1475067369
"1795",5829,6947,3,1442520139
"1796",5829,6952,2.5,1450207444
"1797",5829,6953,2,1448825097
"1798",5829,6957,3,1443771066
"1799",5829,6975,4,1452371225
"1800",5829,6979,4,1452973522
"1801",5829,6985,3.5,1450521103
"1802",5829,6987,3.5,1451290012
"1803",5829,6993,3,1450723604
"1804",5829,6996,2,1474655598
"1805",5829,7001,4,1452449864
"1806",5829,7004,3,1475241703
"1807",5829,7013,3,1450283945
"1808",5829,7022,4,1449694713
"1809",5829,7045,4,1457899430
"1810",5829,7046,4,1462600458
"1811",5829,7063,4.5,1450005395
"1812",5829,7090,3.5,1447572557
"1813",5829,7099,5,1442210180
"1814",5829,7116,3.5,1450292095
"1815",5829,7123,5,1457720975
"1816",5829,7132,1,1443215009
"1817",5829,7143,2.5,1442520047
"1818",5829,7147,3,1442520057
"1819",5829,7149,2,1478726271
"1820",5829,7153,4,1442476895
"1821",5829,7156,3,1442748379
"1822",5829,7158,3.5,1492968593
"1823",5829,7160,4,1471634781
"1824",5829,7162,3,1442523418
"1825",5829,7163,3.5,1484989978
"1826",5829,7173,1.5,1449090231
"1827",5829,7215,3.5,1451511733
"1828",5829,7225,3.5,1488571160
"1829",5829,7228,4,1457859772
"1830",5829,7234,3.5,1450507286
"1831",5829,7235,4,1467403341
"1832",5829,7254,5,1442210249
"1833",5829,7256,3.5,1443209075
"1834",5829,7285,3,1462635985
"1835",5829,7293,1,1442523063
"1836",5829,7317,3.5,1449780955
"1837",5829,7318,0.5,1473786412
"1838",5829,7323,3,1443359016
"1839",5829,7325,2.5,1442523423
"1840",5829,7327,3.5,1448559776
"1841",5829,7346,3.5,1447968064
"1842",5829,7347,3.5,1447610221
"1843",5829,7360,3,1442481948
"1844",5829,7361,3.5,1442210189
"1845",5829,7367,3,1451982081
"1846",5829,7371,2.5,1476545543
"1847",5829,7373,2,1442254026
"1848",5829,7381,3,1475519341
"1849",5829,7386,3,1492021332
"1850",5829,7387,3,1472905769
"1851",5829,7419,4,1450992050
"1852",5829,7438,4.5,1442164903
"1853",5829,7439,2,1487627346
"1854",5829,7444,1.5,1470152417
"1855",5829,7445,4,1448308260
"1856",5829,7451,3.5,1442523284
"1857",5829,7454,2,1442523606
"1858",5829,7458,2,1442523062
"1859",5829,7460,4.5,1457721031
"1860",5829,7482,2.5,1485099603
"1861",5829,7560,4,1444547747
"1862",5829,7569,3,1447452911
"1863",5829,7587,3.5,1448559462
"1864",5829,7700,4,1449603708
"1865",5829,7748,2.5,1450982038
"1866",5829,7766,3.5,1450507244
"1867",5829,7842,2,1457790860
"1868",5829,7926,3.5,1451383904
"1869",5829,7980,3.5,1491134844
"1870",5829,7981,3.5,1443193513
"1871",5829,8014,3.5,1443193546
"1872",5829,8042,3.5,1471537935
"1873",5829,8117,3.5,1470836265
"1874",5829,8119,4.5,1464170725
"1875",5829,8125,2.5,1443466222
"1876",5829,8132,3.5,1474536614
"1877",5829,8134,4,1456344120
"1878",5829,8154,2.5,1450303242
"1879",5829,8157,3.5,1444547687
"1880",5829,8228,3.5,1448559756
"1881",5829,8253,3.5,1443300731
"1882",5829,8340,4,1488648501
"1883",5829,8360,3,1442477210
"1884",5829,8361,3,1442519838
"1885",5829,8366,2,1492344765
"1886",5829,8368,3.5,1442477341
"1887",5829,8371,4,1445773257
"1888",5829,8373,2.5,1449996385
"1889",5829,8376,4.5,1442520134
"1890",5829,8387,0.5,1474226021
"1891",5829,8464,3,1442582078
"1892",5829,8477,4,1443638791
"1893",5829,8507,3.5,1450436190
"1894",5829,8512,2,1497897040
"1895",5829,8528,1,1442477440
"1896",5829,8529,2,1442477439
"1897",5829,8533,2,1463256132
"1898",5829,8607,4,1443193506
"1899",5829,8622,3.5,1446205827
"1900",5829,8623,3,1444672674
"1901",5829,8636,2.5,1442477196
"1902",5829,8638,3.5,1442584134
"1903",5829,8640,2,1492429102
"1904",5829,8641,2.5,1442254032
"1905",5829,8644,3.5,1442520051
"1906",5829,8656,3,1443867347
"1907",5829,8665,3,1442477342
"1908",5829,8666,1,1453643921
"1909",5829,8670,4,1477514739
"1910",5829,8781,3.5,1449684809
"1911",5829,8783,3,1442523288
"1912",5829,8784,3,1442477232
"1913",5829,8798,3,1454087533
"1914",5829,8807,3.5,1442584139
"1915",5829,8810,2.5,1442584143
"1916",5829,8861,2.5,1448833804
"1917",5829,8865,2.5,1476292990
"1918",5829,8873,3,1450377817
"1919",5829,8874,4,1442520102
"1920",5829,8906,3.5,1493049267
"1921",5829,8907,3,1448651637
"1922",5829,8910,3.5,1444077381
"1923",5829,8914,4.5,1442561803
"1924",5829,8917,1,1442523291
"1925",5829,8947,2,1448658081
"1926",5829,8949,3.5,1454359644
"1927",5829,8950,4.5,1442165291
"1928",5829,8957,2.5,1442254024
"1929",5829,8958,3.5,1442523608
"1930",5829,8961,3.5,1442477206
"1931",5829,8965,1.5,1491415349
"1932",5829,8966,3,1495267885
"1933",5829,8969,2,1456347108
"1934",5829,8970,3.5,1456656628
"1935",5829,8972,2.5,1447572534
"1936",5829,8981,2,1470477092
"1937",5829,8983,3,1442481950
"1938",5829,8984,3.5,1442210267
"1939",5829,8985,3.5,1447968070
"1940",5829,25769,1.5,1451289960
"1941",5829,26003,2.5,1445772615
"1942",5829,26080,2,1500926182
"1943",5829,26082,3.5,1450712056
"1944",5829,26131,3,1443279575
"1945",5829,26150,3,1450005480
"1946",5829,26153,3.5,1469045239
"1947",5829,26160,4,1445670095
"1948",5829,26169,4,1459590331
"1949",5829,26183,4,1445670116
"1950",5829,26258,3.5,1449323707
"1951",5829,26285,3.5,1457876339
"1952",5829,26326,4,1448182354
"1953",5829,26340,4,1443903842
"1954",5829,26366,3.5,1468149636
"1955",5829,26370,2.5,1491744590
"1956",5829,26403,4,1448708888
"1957",5829,26483,3.5,1457719054
"1958",5829,26485,4,1468088209
"1959",5829,26491,3,1453674756
"1960",5829,26492,3.5,1457797076
"1961",5829,26529,3.5,1469562357
"1962",5829,26565,4,1445670070
"1963",5829,26578,2.5,1465634868
"1964",5829,26593,3,1496671900
"1965",5829,26614,3,1442431274
"1966",5829,26616,4,1488649119
"1967",5829,26662,4,1442210227
"1968",5829,26701,3.5,1460492093
"1969",5829,26729,3.5,1451476457
"1970",5829,26776,4.5,1442211642
"1971",5829,26819,2.5,1459547458
"1972",5829,26858,4,1445721876
"1973",5829,26903,3.5,1442740987
"1974",5829,26947,4,1446412876
"1975",5829,27036,4,1451982051
"1976",5829,27156,3.5,1443466266
"1977",5829,27317,3.5,1497649316
"1978",5829,27368,2.5,1469562607
"1979",5829,27369,4.5,1448208194
"1980",5829,27441,3.5,1457806777
"1981",5829,27482,3,1475340531
"1982",5829,27592,3,1443547276
"1983",5829,27608,4,1444118588
"1984",5829,27611,2.5,1442254064
"1985",5829,27660,5,1442948113
"1986",5829,27706,3.5,1442523412
"1987",5829,27716,4,1462686768
"1988",5829,27728,3.5,1442948137
"1989",5829,27731,4,1443214914
"1990",5829,27773,5,1442242637
"1991",5829,27788,3,1442948199
"1992",5829,27800,3.5,1460993375
"1993",5829,27803,2.5,1450283743
"1994",5829,27808,1.5,1489261583
"1995",5829,27815,3,1443803001
"1996",5829,27831,4,1442341318
"1997",5829,27904,4,1442560352
"1998",5829,27905,3,1456246797
"1999",5829,30707,4,1442477234
"2000",5829,30745,2.5,1457876321
"2001",5829,30749,3.5,1442582064
"2002",5829,30793,3,1442476948
"2003",5829,30803,3.5,1444472025
"2004",5829,30810,4,1442254035
"2005",5829,30812,3.5,1442477434
"2006",5829,30816,3,1494439974
"2007",5829,30825,3,1442562586
"2008",5829,31150,5,1443858255
"2009",5829,31184,4,1454871310
"2010",5829,31364,3.5,1443547258
"2011",5829,31374,3.5,1491684151
"2012",5829,31410,4,1442211619
"2013",5829,31427,3,1493034741
"2014",5829,31545,4,1450981941
"2015",5829,31658,5,1442165409
"2016",5829,31660,4,1454871306
"2017",5829,31685,3.5,1447572578
"2018",5829,31696,3.5,1442523294
"2019",5829,31804,3.5,1499890335
"2020",5829,31878,3.5,1460733807
"2021",5829,32031,3,1448659720
"2022",5829,32153,2.5,1457774213
"2023",5829,32213,4,1493036326
"2024",5829,32452,3.5,1496661201
"2025",5829,32460,3.5,1450481157
"2026",5829,32554,4.5,1445635655
"2027",5829,32587,4.5,1442164871
"2028",5829,32840,3.5,1443945721
"2029",5829,32898,2.5,1448553672
"2030",5829,33004,4,1442477431
"2031",5829,33154,3.5,1444547619
"2032",5829,33162,1.5,1447612125
"2033",5829,33166,3,1442211398
"2034",5829,33493,3.5,1442477335
"2035",5829,33615,3,1442523179
"2036",5829,33660,4,1450454442
"2037",5829,33679,2.5,1442476960
"2038",5829,33683,4,1493043857
"2039",5829,33794,3.5,1442477205
"2040",5829,34048,4,1446968124
"2041",5829,34072,3,1478205732
"2042",5829,34150,2.5,1442523611
"2043",5829,34153,3,1501532457
"2044",5829,34162,2,1442476954
"2045",5829,34319,3,1442210270
"2046",5829,34332,3,1470255151
"2047",5829,34386,2.5,1501308887
"2048",5829,34405,3.5,1442421195
"2049",5829,34437,4,1443361313
"2050",5829,34532,3.5,1454761214
"2051",5829,34542,3,1488659028
"2052",5829,35836,2,1442481825
"2053",5829,36276,1.5,1449404028
"2054",5829,36289,2,1469562545
"2055",5829,36363,3,1448816700
"2056",5829,36401,0.5,1490549481
"2057",5829,36517,2.5,1471532590
"2058",5829,36519,3,1450958811
"2059",5829,36529,5,1442210217
"2060",5829,36708,3,1450958848
"2061",5829,37386,3,1442649741
"2062",5829,37495,4.5,1445980607
"2063",5829,37729,3.5,1442254062
"2064",5829,37731,4,1450981889
"2065",5829,37733,4,1442523170
"2066",5829,37741,4,1445773264
"2067",5829,37830,2.5,1443730214
"2068",5829,38038,3.5,1449166633
"2069",5829,38061,4,1442649847
"2070",5829,38095,4,1445769945
"2071",5829,38886,3.5,1443388029
"2072",5829,39183,2.5,1442254027
"2073",5829,39292,3.5,1442523181
"2074",5829,39427,3,1468091258
"2075",5829,39446,2.5,1449300105
"2076",5829,40278,3,1446756867
"2077",5829,40583,4,1446901624
"2078",5829,40629,2,1467054749
"2079",5829,40732,3,1448996282
"2080",5829,40815,3.5,1442481814
"2081",5829,40819,3,1442649845
"2082",5829,41285,3.5,1470512914
"2083",5829,41566,3.5,1446932356
"2084",5829,41569,2.5,1442254022
"2085",5829,41571,3,1451982079
"2086",5829,41997,2.5,1442523283
"2087",5829,42163,3,1468075774
"2088",5829,42632,3,1443547279
"2089",5829,42718,3,1500067596
"2090",5829,42723,1.5,1450975108
"2091",5829,42738,3.5,1442591875
"2092",5829,43396,4,1450208731
"2093",5829,43836,2,1473849852
"2094",5829,43936,3,1449004861
"2095",5829,44022,2.5,1442561821
"2096",5829,44191,5,1442210356
"2097",5829,44195,4.5,1442210251
"2098",5829,44199,2,1442210275
"2099",5829,44555,4,1442165330
"2100",5829,44665,5,1442210176
"2101",5829,44694,3.5,1492933074
"2102",5829,44761,3.5,1442649873
"2103",5829,44788,2,1468180716
"2104",5829,44828,2,1501448803
"2105",5829,44972,0.5,1472905992
"2106",5829,44974,3.5,1448996210
"2107",5829,45081,4,1451126006
"2108",5829,45172,4,1447517485
"2109",5829,45186,2.5,1448308868
"2110",5829,45431,3,1442591871
"2111",5829,45447,2.5,1442477437
"2112",5829,45499,3.5,1447098079
"2113",5829,45517,3,1442523286
"2114",5829,45672,1.5,1445617185
"2115",5829,45720,3,1442523177
"2116",5829,45722,3.5,1442481824
"2117",5829,45728,4.5,1442418728
"2118",5829,45950,3,1442561812
"2119",5829,46335,2,1451850206
"2120",5829,46530,2,1468356743
"2121",5829,46578,4,1442477336
"2122",5829,46723,3,1442481961
"2123",5829,46910,4,1457865134
"2124",5829,46965,1,1468425060
"2125",5829,46970,2.5,1482075191
"2126",5829,46972,2,1442519879
"2127",5829,46976,3.5,1442211455
"2128",5829,47099,4,1442210310
"2129",5829,47200,3,1448698231
"2130",5829,47384,2,1473442389
"2131",5829,47404,5,1446670211
"2132",5829,47610,4.5,1447437411
"2133",5829,47629,3.5,1442591866
"2134",5829,47997,4,1493582541
"2135",5829,47999,4,1450111772
"2136",5829,48043,3.5,1442519890
"2137",5829,48082,3.5,1442560781
"2138",5829,48231,4,1483796581
"2139",5829,48304,2.5,1464115677
"2140",5829,48385,3,1442476950
"2141",5829,48394,3,1442165321
"2142",5829,48516,3,1442164890
"2143",5829,48738,3.5,1442481947
"2144",5829,48774,3,1442254066
"2145",5829,48780,5,1442210348
"2146",5829,48877,2,1450974999
"2147",5829,48997,3.5,1471846283
"2148",5829,49272,3,1442477338
"2149",5829,49274,2.5,1468738299
"2150",5829,49278,2.5,1442519884
"2151",5829,49286,2.5,1487848932
"2152",5829,49530,3.5,1442231558
"2153",5829,49651,3,1473618271
"2154",5829,49817,4,1460395957
"2155",5829,49932,3,1457881618
"2156",5829,50068,3.5,1487220838
"2157",5829,50442,3.5,1480974394
"2158",5829,50601,3,1496084361
"2159",5829,50641,2,1446329653
"2160",5829,50872,4,1442481822
"2161",5829,51077,2.5,1451289855
"2162",5829,51086,3.5,1449307517
"2163",5829,51255,4,1442211396
"2164",5829,51540,3.5,1448738092
"2165",5829,51662,3.5,1442477346
"2166",5829,51709,4,1457724950
"2167",5829,51935,3,1442520432
"2168",5829,52245,3,1488830217
"2169",5829,52281,3.5,1442165380
"2170",5829,52319,4,1444547678
"2171",5829,52328,3.5,1442561832
"2172",5829,52458,2,1453643716
"2173",5829,52604,3.5,1447014337
"2174",5829,52722,2,1446934238
"2175",5829,52885,4.5,1442948161
"2176",5829,52950,2.5,1500051481
"2177",5829,52952,3.5,1496488317
"2178",5829,52973,2,1458568546
"2179",5829,52975,3,1459332814
"2180",5829,53000,4,1442523172
"2181",5829,53121,3.5,1442649739
"2182",5829,53123,3.5,1443356060
"2183",5829,53125,3.5,1442477435
"2184",5829,53318,3,1498674003
"2185",5829,53322,3.5,1448697534
"2186",5829,53416,2.5,1495724360
"2187",5829,53453,2.5,1496250045
"2188",5829,53464,1.5,1447277581
"2189",5829,53519,3.5,1442561802
"2190",5829,53548,1,1494787956
"2191",5829,53894,4,1449307111
"2192",5829,53953,3.5,1443992984
"2193",5829,53972,3,1448697608
"2194",5829,53993,3,1449307520
"2195",5829,53996,1,1442477430
"2196",5829,54001,3.5,1442523230
"2197",5829,54259,4,1452449475
"2198",5829,54272,4,1442254018
"2199",5829,54286,3,1442477344
"2200",5829,54503,2,1442477011
"2201",5829,54995,4,1443992978
"2202",5829,54997,2,1463327937
"2203",5829,54999,1,1492020861
"2204",5829,55052,2.5,1485078477
"2205",5829,55118,3.5,1444674028
"2206",5829,55167,4,1475933092
"2207",5829,55207,4,1458839243
"2208",5829,55232,2,1449307401
"2209",5829,55247,3.5,1442477443
"2210",5829,55267,2.5,1495801645
"2211",5829,55269,4,1442943942
"2212",5829,55276,3.5,1442477500
"2213",5829,55280,3.5,1489514185
"2214",5829,55284,3.5,1446207408
"2215",5829,55290,3.5,1450992019
"2216",5829,55363,3.5,1494058247
"2217",5829,55442,3,1442649745
"2218",5829,55555,2,1446744720
"2219",5829,55620,4,1460474980
"2220",5829,55721,3.5,1449933635
"2221",5829,55765,4,1442507386
"2222",5829,55814,3,1444404499
"2223",5829,55820,4,1442481817
"2224",5829,55830,3.5,1449307739
"2225",5829,55908,3.5,1443300715
"2226",5829,56003,4,1471931378
"2227",5829,56145,2.5,1444059281
"2228",5829,56152,3,1484403885
"2229",5829,56169,3,1457291099
"2230",5829,56171,2.5,1448651796
"2231",5829,56174,3,1442523236
"2232",5829,56251,4,1448997519
"2233",5829,56339,3,1447098186
"2234",5829,56367,3,1442481818
"2235",5829,56587,3.5,1448651466
"2236",5829,56715,2.5,1499804750
"2237",5829,56757,3,1442523175
"2238",5829,56775,2.5,1442523390
"2239",5829,56782,4,1442254030
"2240",5829,56949,2,1484494567
"2241",5829,57274,3,1452450322
"2242",5829,57368,2.5,1468673998
"2243",5829,57504,3.5,1442211645
"2244",5829,57528,2.5,1449268925
"2245",5829,57543,4.5,1456420072
"2246",5829,57640,3,1477076777
"2247",5829,57669,3,1442520082
"2248",5829,57772,4.5,1448726956
"2249",5829,58025,3.5,1444824605
"2250",5829,58295,3.5,1490558268
"2251",5829,58301,3,1493036960
"2252",5829,58303,2.5,1451503422
"2253",5829,58559,4,1442210354
"2254",5829,58803,4,1442520435
"2255",5829,58998,2,1466343608
"2256",5829,59022,2,1473594834
"2257",5829,59315,4,1442481820
"2258",5829,59369,3,1457278663
"2259",5829,59387,2.5,1443027338
"2260",5829,59421,2,1445115783
"2261",5829,59501,2,1489941762
"2262",5829,59615,2,1442210548
"2263",5829,59725,1,1460145721
"2264",5829,59784,3,1442585204
"2265",5829,59900,0.5,1449412436
"2266",5829,60007,2.5,1454880285
"2267",5829,60037,2,1449696076
"2268",5829,60040,3.5,1442477513
"2269",5829,60069,3,1442210100
"2270",5829,60072,3,1443993019
"2271",5829,60074,3.5,1446932481
"2272",5829,60126,2,1456507537
"2273",5829,60161,4,1457888322
"2274",5829,60397,3,1448309639
"2275",5829,60487,3.5,1457898837
"2276",5829,60609,3,1465023962
"2277",5829,60684,4.5,1442210344
"2278",5829,60756,2,1487440667
"2279",5829,60766,2.5,1495742325
"2280",5829,60904,2.5,1444496645
"2281",5829,60950,3,1487869998
"2282",5829,61024,3.5,1471756751
"2283",5829,61026,3,1444154955
"2284",5829,61132,2.5,1450912553
"2285",5829,61236,3.5,1443466329
"2286",5829,61240,3,1449781707
"2287",5829,61250,1.5,1501588689
"2288",5829,61323,3.5,1442210551
"2289",5829,62155,3,1497182233
"2290",5829,62203,4,1445773231
"2291",5829,62245,2,1459958556
"2292",5829,62331,2,1457790857
"2293",5829,62336,5,1445176469
"2294",5829,62376,3.5,1501448832
"2295",5829,62434,2,1449166572
"2296",5829,62644,4,1454749584
"2297",5829,62849,4,1442662926
"2298",5829,62956,3.5,1457895174
"2299",5829,63033,3,1501598287
"2300",5829,63072,3,1447098116
"2301",5829,63082,3,1442481828
"2302",5829,63113,2,1466448391
"2303",5829,63131,3.5,1485699646
"2304",5829,63276,2,1469882226
"2305",5829,63859,2.5,1450886828
"2306",5829,63876,3.5,1443992972
"2307",5829,63992,1,1443992976
"2308",5829,64034,3,1451165242
"2309",5829,64497,2.5,1487703380
"2310",5829,64575,3,1494779019
"2311",5829,64614,4.5,1442211675
"2312",5829,64620,4,1490722155
"2313",5829,64695,2.5,1448398989
"2314",5829,64716,3,1443855347
"2315",5829,64839,3.5,1442210556
"2316",5829,64957,3.5,1447014245
"2317",5829,64969,4,1468519614
"2318",5829,64983,3,1450005522
"2319",5829,64993,3,1469254217
"2320",5829,65188,2.5,1443116817
"2321",5829,65261,4,1442241734
"2322",5829,65514,4,1443024811
"2323",5829,65642,3.5,1480615655
"2324",5829,65682,2.5,1457454614
"2325",5829,66097,3.5,1442477529
"2326",5829,66297,4,1457788855
"2327",5829,66335,3.5,1457806738
"2328",5829,66371,3.5,1450024107
"2329",5829,66934,3.5,1442211492
"2330",5829,67087,2,1484247417
"2331",5829,67255,2.5,1442477494
"2332",5829,67408,3.5,1448219588
"2333",5829,67734,1.5,1492163163
"2334",5829,67923,1.5,1473505610
"2335",5829,68073,3.5,1448099612
"2336",5829,68099,3.5,1450981806
"2337",5829,68135,0.5,1449307492
"2338",5829,68157,5,1442210320
"2339",5829,68205,2.5,1480865008
"2340",5829,68237,4,1442210341
"2341",5829,68319,3.5,1448793828
"2342",5829,68358,3.5,1447967732
"2343",5829,68486,3,1444329626
"2344",5829,68522,2.5,1459031750
"2345",5829,68554,2.5,1482061182
"2346",5829,68791,3.5,1442477603
"2347",5829,68945,3.5,1454871260
"2348",5829,68954,3.5,1442477573
"2349",5829,69122,2.5,1442477570
"2350",5829,69134,3,1500135899
"2351",5829,69275,4,1472905703
"2352",5829,69406,1,1485628186
"2353",5829,69481,3,1442210554
"2354",5829,69526,1,1442520441
"2355",5829,69529,2.5,1451517261
"2356",5829,69640,3.5,1448011417
"2357",5829,69644,2.5,1475519897
"2358",5829,69685,4.5,1448219600
"2359",5829,69757,2.5,1442477580
"2360",5829,69784,3.5,1448011395
"2361",5829,69844,3.5,1442523238
"2362",5829,69951,4,1449412431
"2363",5829,70133,3,1459964530
"2364",5829,70159,3.5,1474350817
"2365",5829,70286,4,1442477571
"2366",5829,70533,3.5,1454871266
"2367",5829,70599,3,1480851303
"2368",5829,70728,4.5,1483790681
"2369",5829,70862,3,1501598167
"2370",5829,71033,2,1442853916
"2371",5829,71057,2.5,1456263090
"2372",5829,71106,4,1457720990
"2373",5829,71131,4,1491661282
"2374",5829,71135,4,1446753740
"2375",5829,71156,3.5,1449166045
"2376",5829,71254,4,1446404856
"2377",5829,71264,2,1449412289
"2378",5829,71379,2,1456171992
"2379",5829,71484,4,1457887786
"2380",5829,71518,3,1501332275
"2381",5829,71520,3,1463219450
"2382",5829,71530,3.5,1448011390
"2383",5829,71535,3,1442210339
"2384",5829,71579,3,1496560600
"2385",5829,71838,4,1446322296
"2386",5829,71899,3.5,1442649804
"2387",5829,72011,2.5,1466620399
"2388",5829,72104,3,1457899325
"2389",5829,72109,2,1495351286
"2390",5829,72226,4,1442477502
"2391",5829,72294,3,1443622654
"2392",5829,72356,2,1454750017
"2393",5829,72378,3.5,1443992970
"2394",5829,72380,3,1472581644
"2395",5829,72407,0.5,1449165830
"2396",5829,72554,3,1491674445
"2397",5829,72641,3.5,1442869329
"2398",5829,72714,1,1459533775
"2399",5829,72998,3,1442477575
"2400",5829,73017,2.5,1450802145
"2401",5829,73268,3,1488703698
"2402",5829,73321,3,1442477717
"2403",5829,73344,3.5,1443852398
"2404",5829,73488,2.5,1457806784
"2405",5829,73759,4.5,1457806789
"2406",5829,73881,2.5,1444486333
"2407",5829,74095,3,1481221992
"2408",5829,74228,4,1501599309
"2409",5829,74324,4,1450377790
"2410",5829,74458,4,1442210317
"2411",5829,74553,4.5,1445721769
"2412",5829,74727,2,1450461081
"2413",5829,74754,0.5,1465676455
"2414",5829,74789,3.5,1442523499
"2415",5829,76077,2,1442481907
"2416",5829,76093,3,1442523492
"2417",5829,76173,4,1446587279
"2418",5829,76189,3,1458852579
"2419",5829,76251,3,1442520080
"2420",5829,77307,4,1449307767
"2421",5829,77427,2,1493049115
"2422",5829,77455,3.5,1442520194
"2423",5829,77561,3.5,1442585036
"2424",5829,77846,3.5,1451937507
"2425",5829,77866,2.5,1449593337
"2426",5829,78003,4,1460969537
"2427",5829,78039,2.5,1497600973
"2428",5829,78088,3,1501410566
"2429",5829,78128,2.5,1500827138
"2430",5829,78349,3.5,1468013469
"2431",5829,78469,2.5,1492804933
"2432",5829,78499,2,1442477579
"2433",5829,78637,3,1452802984
"2434",5829,78772,0.5,1449263621
"2435",5829,78836,4,1452978631
"2436",5829,78893,1,1499614907
"2437",5829,79008,4,1445670076
"2438",5829,79091,3.5,1442523494
"2439",5829,79132,3,1442164846
"2440",5829,79224,2.5,1470836238
"2441",5829,79242,3,1498303626
"2442",5829,79274,2.5,1457795259
"2443",5829,79293,2,1484331055
"2444",5829,79357,2.5,1444545671
"2445",5829,79553,3.5,1445681788
"2446",5829,79592,3,1471628312
"2447",5829,79695,2.5,1442562604
"2448",5829,79702,4,1442210558
"2449",5829,80185,4,1447517392
"2450",5829,80219,3.5,1443993107
"2451",5829,80463,3.5,1442520075
"2452",5829,80489,3.5,1477736776
"2453",5829,80549,2.5,1476988747
"2454",5829,80693,3,1500402987
"2455",5829,80846,1.5,1501582483
"2456",5829,80906,3.5,1442560838
"2457",5829,80969,2.5,1500058821
"2458",5829,81018,3.5,1447437730
"2459",5829,81132,4,1457721048
"2460",5829,81138,3,1495274261
"2461",5829,81229,4,1442520190
"2462",5829,81456,2,1446499396
"2463",5829,81562,4,1470122223
"2464",5829,81564,3,1442477105
"2465",5829,81568,4,1448137359
"2466",5829,81591,3.5,1442520073
"2467",5829,81834,4,1442523489
"2468",5829,81845,4,1442477577
"2469",5829,81847,3,1442477497
"2470",5829,81932,4,1442477600
"2471",5829,82041,3.5,1468075978
"2472",5829,82459,3,1442210346
"2473",5829,82461,3,1442477109
"2474",5829,82667,4,1445450345
"2475",5829,83132,4,1442646875
"2476",5829,83134,4,1449430116
"2477",5829,83349,1.5,1471544589
"2478",5829,83613,2.5,1449603518
"2479",5829,83803,3.5,1448308297
"2480",5829,84152,3.5,1442210313
"2481",5829,84178,4,1470849124
"2482",5829,84187,3.5,1454871267
"2483",5829,84772,3,1449246304
"2484",5829,84944,4,1448993463
"2485",5829,84952,4,1446669795
"2486",5829,84954,3,1479927771
"2487",5829,85131,1.5,1451068851
"2488",5829,85179,4,1443858070
"2489",5829,85312,3.5,1469870082
"2490",5829,85342,2.5,1449940213
"2491",5829,85414,3,1442210561
"2492",5829,85438,3,1487220810
"2493",5829,85510,3.5,1451395102
"2494",5829,85736,3.5,1457795564
"2495",5829,85774,4,1448571979
"2496",5829,85777,4,1459887631
"2497",5829,85780,2.5,1470167170
"2498",5829,85796,3.5,1469822007
"2499",5829,85994,1.5,1460140946
"2500",5829,86190,4,1492148336
"2501",5829,86288,3.5,1458838229
"2502",5829,86298,3,1459436951
"2503",5829,86320,2.5,1443454029
"2504",5829,86330,2,1494691206
"2505",5829,86332,3.5,1500132609
"2506",5829,86504,3.5,1500132641
"2507",5829,86644,1,1473505746
"2508",5829,86781,3.5,1449997461
"2509",5829,86833,3,1457550052
"2510",5829,86835,1.5,1490984458
"2511",5829,86880,3,1442562607
"2512",5829,86882,3,1447967871
"2513",5829,86892,4.5,1445288047
"2514",5829,86898,2.5,1499719917
"2515",5829,86911,2,1442481904
"2516",5829,87192,3.5,1501448748
"2517",5829,87232,3.5,1442210553
"2518",5829,87302,4,1495222449
"2519",5829,87306,3.5,1450005543
"2520",5829,87430,1.5,1443454026
"2521",5829,87485,2,1473586615
"2522",5829,87520,0.5,1449179003
"2523",5829,87869,3,1451849851
"2524",5829,87909,3,1496671919
"2525",5829,88125,3,1442477069
"2526",5829,88129,3,1442523496
"2527",5829,88140,4,1446912124
"2528",5829,88163,2,1475258648
"2529",5829,88520,3.5,1494446212
"2530",5829,88744,3.5,1442585039
"2531",5829,88810,3,1449909428
"2532",5829,88879,4,1469910853
"2533",5829,89039,2,1501784805
"2534",5829,89337,2.5,1458847072
"2535",5829,89356,3.5,1455139043
"2536",5829,89470,4,1442522294
"2537",5829,89492,3.5,1442519830
"2538",5829,89745,3,1442477067
"2539",5829,89759,1.5,1448559426
"2540",5829,89774,3,1443300303
"2541",5829,89804,2.5,1495704312
"2542",5829,89846,4,1456171697
"2543",5829,89864,3.5,1476022584
"2544",5829,89904,2.5,1442477648
"2545",5829,89985,3.5,1455292920
"2546",5829,90405,2.5,1484255068
"2547",5829,90430,3.5,1453628654
"2548",5829,90439,4,1459617114
"2549",5829,90600,4,1445539752
"2550",5829,90603,4,1448297664
"2551",5829,90746,3.5,1494670112
"2552",5829,90866,3.5,1442520192
"2553",5829,90890,0.5,1464378777
"2554",5829,91077,3,1443889611
"2555",5829,91104,0.5,1459436968
"2556",5829,91233,2.5,1445108530
"2557",5829,91288,3.5,1469950628
"2558",5829,91351,4,1445670148
"2559",5829,91353,3.5,1445670210
"2560",5829,91355,3.5,1445670119
"2561",5829,91485,2.5,1451057039
"2562",5829,91500,3,1442477071
"2563",5829,91529,4,1442477066
"2564",5829,91535,2,1449263446
"2565",5829,91542,3,1466013205
"2566",5829,91630,3,1448807333
"2567",5829,91658,3,1442210272
"2568",5829,91974,2.5,1457463000
"2569",5829,91976,3,1500192681
"2570",5829,92210,3.5,1449307836
"2571",5829,92259,3.5,1442221197
"2572",5829,92420,4,1501310688
"2573",5829,93363,3,1460789315
"2574",5829,93510,3,1451571127
"2575",5829,93721,3.5,1443339278
"2576",5829,93790,3.5,1443905938
"2577",5829,93838,3,1445374694
"2578",5829,93840,3.5,1442481796
"2579",5829,93855,4,1493048874
"2580",5829,94677,3.5,1451079439
"2581",5829,94777,3.5,1442477635
"2582",5829,94799,2.5,1501698955
"2583",5829,94864,3.5,1442477615
"2584",5829,94959,3.5,1442222130
"2585",5829,94969,3,1449691826
"2586",5829,95088,3.5,1488128211
"2587",5829,95167,3.5,1462471251
"2588",5829,95311,2,1450024699
"2589",5829,95377,3.5,1453674544
"2590",5829,95441,1,1442481908
"2591",5829,95510,2,1442477612
"2592",5829,95524,4,1493048064
"2593",5829,95543,2.5,1475600987
"2594",5829,95654,4,1445869476
"2595",5829,95761,4,1469894388
"2596",5829,95773,3.5,1481138424
"2597",5829,95858,3,1442695378
"2598",5829,95875,3,1447484317
"2599",5829,96079,2.5,1442477076
"2600",5829,96239,2,1495128443
"2601",5829,96281,2.5,1448744577
"2602",5829,96488,4,1450200460
"2603",5829,96606,2.5,1450203172
"2604",5829,96610,3.5,1442523488
"2605",5829,96737,4,1447484325
"2606",5829,96811,4,1480234309
"2607",5829,96821,2.5,1442520199
"2608",5829,96829,3,1442211506
"2609",5829,96832,4,1459456337
"2610",5829,97057,4.5,1459800360
"2611",5829,97188,3,1481139499
"2612",5829,97225,3.5,1448697828
"2613",5829,97304,3.5,1442210207
"2614",5829,97306,4,1449263481
"2615",5829,97455,4,1459623927
"2616",5829,97665,3.5,1469567466
"2617",5829,97752,3,1442477103
"2618",5829,97866,3.5,1446579505
"2619",5829,97913,3,1442477102
"2620",5829,97921,3.5,1442585030
"2621",5829,97938,3,1442210323
"2622",5829,98056,4,1493039004
"2623",5829,98065,3.5,1495042894
"2624",5829,98122,3.5,1491665086
"2625",5829,98154,4,1442481856
"2626",5829,98400,2.5,1500810311
"2627",5829,98491,3.5,1442690446
"2628",5829,98604,3.5,1444069519
"2629",5829,98607,5,1447359428
"2630",5829,98809,2.5,1442477075
"2631",5829,98961,3.5,1490460463
"2632",5829,99030,4,1448996168
"2633",5829,99112,2,1489220365
"2634",5829,99114,4.5,1461233686
"2635",5829,99145,3,1481311458
"2636",5829,99437,3.5,1462813042
"2637",5829,99764,4,1443899429
"2638",5829,100106,2.5,1447271803
"2639",5829,100383,3,1500721380
"2640",5829,100556,3,1452796326
"2641",5829,100714,2.5,1450020590
"2642",5829,100745,4,1460483169
"2643",5829,101708,2,1475080357
"2644",5829,101741,3.5,1468062741
"2645",5829,101864,3,1482440699
"2646",5829,101962,3.5,1443034803
"2647",5829,102084,2.5,1448392550
"2648",5829,102123,3,1449090455
"2649",5829,102125,4,1446902461
"2650",5829,102407,3,1451395109
"2651",5829,102445,3,1446902628
"2652",5829,102666,3.5,1448480538
"2653",5829,102716,1.5,1473534330
"2654",5829,102800,4,1490537645
"2655",5829,102880,2.5,1459492103
"2656",5829,102903,3.5,1481492965
"2657",5829,103042,3,1442481899
"2658",5829,103075,2.5,1460924328
"2659",5829,103141,3,1443454023
"2660",5829,103228,2,1442477640
"2661",5829,103235,3.5,1450519911
"2662",5829,103249,3,1442477637
"2663",5829,103253,2.5,1442477642
"2664",5829,103335,3,1449255178
"2665",5829,103341,4,1449090482
"2666",5829,103384,1.5,1488113050
"2667",5829,103667,4,1454438812
"2668",5829,103688,3,1476908635
"2669",5829,103772,2.5,1449090521
"2670",5829,103849,4,1447445756
"2671",5829,103982,2,1495718203
"2672",5829,104089,4,1457873769
"2673",5829,104211,3,1451057536
"2674",5829,104243,3.5,1470934551
"2675",5829,104283,3.5,1443991356
"2676",5829,104303,2,1455043302
"2677",5829,104374,2.5,1449920470
"2678",5829,104841,4,1442585032
"2679",5829,104879,4,1449870766
"2680",5829,104913,4,1443729136
"2681",5829,104944,4,1446571207
"2682",5829,104998,3.5,1452540830
"2683",5829,105133,3,1499625808
"2684",5829,105197,3.5,1443960410
"2685",5829,105325,2,1498318894
"2686",5829,105504,3.5,1480886208
"2687",5829,105593,4,1449685745
"2688",5829,105769,4.5,1443878995
"2689",5829,105844,3.5,1442562612
"2690",5829,106002,3,1475417318
"2691",5829,106072,3,1446836053
"2692",5829,106100,3.5,1442515413
"2693",5829,106165,3,1449780961
"2694",5829,106487,3,1449404200
"2695",5829,106489,3,1442481792
"2696",5829,106696,3.5,1448574895
"2697",5829,106762,4,1447866011
"2698",5829,106766,3.5,1500497232
"2699",5829,106782,4,1442210209
"2700",5829,106889,4,1445012698
"2701",5829,106916,3.5,1442562615
"2702",5829,106918,3.5,1449430637
"2703",5829,106920,3.5,1442585178
"2704",5829,107348,2.5,1464034916
"2705",5829,107406,4,1446839799
"2706",5829,107565,2,1457108478
"2707",5829,107723,3.5,1474742205
"2708",5829,108190,3,1443454036
"2709",5829,108579,0.5,1495662156
"2710",5829,108729,2,1491847845
"2711",5829,108932,3.5,1450982021
"2712",5829,108945,3,1470860141
"2713",5829,109197,1.5,1494538815
"2714",5829,109374,4.5,1442211460
"2715",5829,109487,4,1442477064
"2716",5829,109633,1.5,1446755920
"2717",5829,109769,3.5,1456604211
"2718",5829,110102,2.5,1449421984
"2719",5829,110110,3.5,1459370301
"2720",5829,110324,2,1472905826
"2721",5829,110501,3.5,1445531783
"2722",5829,110553,2,1475690388
"2723",5829,110645,3.5,1501008336
"2724",5829,110730,3.5,1459455205
"2725",5829,110748,3,1494965301
"2726",5829,110873,4,1459790508
"2727",5829,111235,3.5,1443899554
"2728",5829,111249,2.5,1445793234
"2729",5829,111360,4,1487220512
"2730",5829,111362,3.5,1449426340
"2731",5829,111364,1,1475788007
"2732",5829,111462,2,1493639145
"2733",5829,111759,4.5,1443638523
"2734",5829,111781,2.5,1490378735
"2735",5829,111993,3,1476908637
"2736",5829,112006,3.5,1445017122
"2737",5829,112138,2.5,1449090430
"2738",5829,112175,3.5,1485078460
"2739",5829,112183,3.5,1442418928
"2740",5829,112290,2.5,1442582043
"2741",5829,112552,5,1442165387
"2742",5829,112556,3.5,1442210183
"2743",5829,112623,3,1442481849
"2744",5829,112852,4,1442477074
"2745",5829,112895,3,1488138075
"2746",5829,112913,4,1478340795
"2747",5829,112925,2,1496685933
"2748",5829,112929,4,1457550417
"2749",5829,113573,3.5,1488648334
"2750",5829,113715,3.5,1455052434
"2751",5829,113741,3.5,1480764326
"2752",5829,113780,4,1468705293
"2753",5829,113862,3.5,1488231771
"2754",5829,114082,3.5,1457807052
"2755",5829,114180,2,1449516768
"2756",5829,114431,1,1460195403
"2757",5829,114433,2,1460193410
"2758",5829,114461,3,1460192766
"2759",5829,114554,3.5,1443890130
"2760",5829,114583,1,1460194758
"2761",5829,114585,1.5,1460196025
"2762",5829,114659,1.5,1495731890
"2763",5829,114662,3.5,1449603535
"2764",5829,114935,4,1480717490
"2765",5829,115122,3.5,1457384316
"2766",5829,115149,4,1443945719
"2767",5829,115210,3.5,1488019412
"2768",5829,115569,3,1442210218
"2769",5829,115617,4,1449858829
"2770",5829,115624,2.5,1494768679
"2771",5829,115680,3.5,1480864852
"2772",5829,115713,3.5,1442477162
"2773",5829,115777,2.5,1495296130
"2774",5829,115819,3.5,1452874657
"2775",5829,115877,4,1445773113
"2776",5829,116004,3.5,1452841168
"2777",5829,116191,3,1501420749
"2778",5829,116411,2,1448563517
"2779",5829,116493,3,1495376545
"2780",5829,116797,3.5,1442210138
"2781",5829,116823,3.5,1442481844
"2782",5829,116897,4,1443355756
"2783",5829,116905,4.5,1469280572
"2784",5829,116939,4.5,1464381899
"2785",5829,117176,3,1484487513
"2786",5829,117192,2,1455125459
"2787",5829,117372,3.5,1501426978
"2788",5829,117444,2.5,1454704931
"2789",5829,117529,3,1451831401
"2790",5829,117533,2,1443109972
"2791",5829,117545,3.5,1469562346
"2792",5829,117590,2.5,1481475680
"2793",5829,117851,3,1446745185
"2794",5829,117922,3,1475521665
"2795",5829,118244,3,1454832725
"2796",5829,118252,2.5,1496560806
"2797",5829,118696,3,1442522291
"2798",5829,119145,3,1443982114
"2799",5829,119685,3,1495787131
"2800",5829,120132,1.5,1492882754
"2801",5829,120466,2.5,1475066895
"2802",5829,120478,4,1459632794
"2803",5829,120799,2.5,1497073102
"2804",5829,120869,3,1459436035
"2805",5829,121103,0.5,1468263744
"2806",5829,121117,1,1474735938
"2807",5829,121231,1.5,1488633190
"2808",5829,121463,1.5,1498303645
"2809",5829,122882,3.5,1442477169
"2810",5829,122886,3.5,1459277574
"2811",5829,122890,3,1468157464
"2812",5829,122892,3.5,1443077252
"2813",5829,122900,3,1443282775
"2814",5829,122904,2,1459455038
"2815",5829,122920,1.5,1490207957
"2816",5829,122922,3.5,1489220461
"2817",5829,124859,1.5,1491744586
"2818",5829,125914,2,1454449995
"2819",5829,125992,3,1457876160
"2820",5829,126927,4.5,1468527045
"2821",5829,127052,1.5,1443972501
"2822",5829,127096,3.5,1480627268
"2823",5829,127108,3,1459878000
"2824",5829,127390,3,1470160663
"2825",5829,128320,3.5,1481406912
"2826",5829,128360,2.5,1458239439
"2827",5829,128620,4,1454954272
"2828",5829,129514,3.5,1449486913
"2829",5829,130576,2.5,1492270406
"2830",5829,130634,1,1473535613
"2831",5829,131132,4,1464381852
"2832",5829,131134,3,1464381973
"2833",5829,131144,4,1464381876
"2834",5829,131146,3.5,1464381901
"2835",5829,131150,2,1464381961
"2836",5829,131243,4,1464381878
"2837",5829,131252,4,1450105696
"2838",5829,131848,2,1464381959
"2839",5829,132167,3.5,1496657193
"2840",5829,132796,1.5,1475066959
"2841",5829,133771,4,1456254542
"2842",5829,134023,4,1469306100
"2843",5829,134130,5,1450654530
"2844",5829,134170,4,1460294012
"2845",5829,134849,3.5,1445670084
"2846",5829,134853,4,1443899303
"2847",5829,134881,2.5,1459666285
"2848",5829,135137,1,1469901245
"2849",5829,135456,4.5,1445772936
"2850",5829,135536,3.5,1478457698
"2851",5829,135567,1,1472920656
"2852",5829,135887,3.5,1492171505
"2853",5829,136020,2.5,1452968481
"2854",5829,136447,2.5,1451130756
"2855",5829,136449,5,1445770053
"2856",5829,136598,3.5,1445363377
"2857",5829,136864,2.5,1468509670
"2858",5829,138036,3.5,1446490684
"2859",5829,138702,4,1451118164
"2860",5829,139100,3,1460877500
"2861",5829,139385,4,1456171670
"2862",5829,139525,3,1467317605
"2863",5829,139642,3.5,1478446104
"2864",5829,139644,3.5,1480185411
"2865",5829,140174,4,1454841477
"2866",5829,140247,3,1475941995
"2867",5829,140267,3.5,1480873023
"2868",5829,140359,2,1455121154
"2869",5829,140481,3,1470164034
"2870",5829,140816,3,1455131203
"2871",5829,141718,4.5,1462686776
"2872",5829,142058,4,1462896544
"2873",5829,142084,3,1473601849
"2874",5829,142184,2.5,1496671890
"2875",5829,142420,3,1480779645
"2876",5829,142488,5,1459361683
"2877",5829,142509,3.5,1466876044
"2878",5829,142602,2,1457471189
"2879",5829,142999,4,1449345252
"2880",5829,143249,4,1471160915
"2881",5829,143385,3,1481323750
"2882",5829,143969,4,1460213173
"2883",5829,144348,1.5,1459664731
"2884",5829,144498,2.5,1496671909
"2885",5829,144606,4.5,1461172736
"2886",5829,144976,4,1450119929
"2887",5829,146028,3,1454871556
"2888",5829,146052,1,1494348208
"2889",5829,146656,3.5,1473688606
"2890",5829,147372,2,1455125456
"2891",5829,147374,2,1455124918
"2892",5829,147376,2,1455124913
"2893",5829,147378,2,1455047934
"2894",5829,147380,2,1455044602
"2895",5829,147382,2,1455043348
"2896",5829,147384,2,1454959711
"2897",5829,147903,1.5,1448573711
"2898",5829,148034,4,1448913408
"2899",5829,148424,2.5,1460320195
"2900",5829,148626,4.5,1457376519
"2901",5829,148671,3,1450024874
"2902",5829,148683,3.5,1488316584
"2903",5829,148687,2.5,1450005381
"2904",5829,148881,4,1455217939
"2905",5829,148888,2,1464024304
"2906",5829,149186,1,1460286147
"2907",5829,150264,3.5,1452512763
"2908",5829,150596,2,1455125856
"2909",5829,150768,3.5,1452875210
"2910",5829,150838,3.5,1452972864
"2911",5829,150844,4,1453026770
"2912",5829,151593,3,1496560745
"2913",5829,151675,2,1488734681
"2914",5829,151763,2.5,1472926906
"2915",5829,151777,3,1480246438
"2916",5829,151921,1,1454346461
"2917",5829,152077,4,1468698226
"2918",5829,152081,3.5,1464804008
"2919",5829,152173,4,1454833016
"2920",5829,152372,3,1480793249
"2921",5829,152970,3.5,1488406753
"2922",5829,153536,4,1494751928
"2923",5829,155283,2,1457730389
"2924",5829,155288,4.5,1478425606
"2925",5829,155972,3.5,1460203714
"2926",5829,156025,2.5,1475603034
"2927",5829,156553,4.5,1473491155
"2928",5829,156732,4,1460189292
"2929",5829,156763,4,1460292415
"2930",5829,157110,3,1464381966
"2931",5829,157296,2.5,1489220376
"2932",5829,157338,3.5,1492329236
"2933",5829,157961,2.5,1481379760
"2934",5829,158238,3.5,1469827607
"2935",5829,158260,4,1472494322
"2936",5829,158270,4.5,1478340792
"2937",5829,158838,2,1463249630
"2938",5829,158872,2,1479758688
"2939",5829,158972,4,1499608579
"2940",5829,159415,3.5,1480280969
"2941",5829,159690,2,1492248456
"2942",5829,159741,2.5,1480803503
"2943",5829,159755,3.5,1468256906
"2944",5829,160271,2.5,1481404517
"2945",5829,160400,2.5,1489220558
"2946",5829,160652,2.5,1493842885
"2947",5829,161022,4,1468006612
"2948",5829,161127,3.5,1488747694
"2949",5829,161954,3,1481394409
"2950",5829,162008,4,1470297864
"2951",5829,162082,3.5,1488646472
"2952",5829,162350,3,1489220485
"2953",5829,162472,4,1471544521
"2954",5829,162478,3,1489220512
"2955",5829,162578,2.5,1480784584
"2956",5829,163695,3,1476465561
"2957",5829,164179,3,1492191851
"2958",5829,164367,3.5,1488220631
"2959",5829,164614,3,1475418760
"2960",5829,164631,3,1475436137
"2961",5829,164923,2,1475951323
"2962",5829,164987,3,1476301317
"2963",5829,165527,3.5,1478121703
"2964",5829,165539,3,1493582810
"2965",5829,165947,2.5,1479750660
"2966",5829,165969,4,1488726837
"2967",5829,166635,3.5,1487961766
"2968",5829,166767,2.5,1480804527
"2969",5829,166972,2,1481226470
"2970",5829,167126,1.5,1481580501
"2971",5829,167388,3.5,1493923444
"2972",5829,168322,1,1493659955
"2973",5829,170891,2.5,1493461270
"2974",5829,170907,3,1492344746
"2975",5829,171161,3.5,1501575259
"2976",5829,171217,0.5,1493063458
"2977",5829,171219,3.5,1493538558
"2978",5829,171223,2.5,1493408683
"2979",5829,171235,2,1493560257
"2980",5829,171237,1.5,1493579298
"2981",5829,171241,2.5,1493319460
"2982",5829,173929,2,1497977977
"2983",9173,586,4,965395293
"2984",9173,912,5,965395293
"2985",9173,1197,5,965395320
"2986",9173,2028,4,965395349
"2987",9173,2943,3,965395320
